model,disorder_class,n,chi2_raw_median,chi2_raw_q25,chi2_raw_q75,share_raw_fit,chi2_best_median,phi_at_chi2_1_median,share_unresolved,rg_ratio_median
alphafold,folded,254,2.915287465980775,1.3727020732079152,8.140892748519676,0.41338582677165353,2.915287465980775,1.0,0.5866141732283464,0.9845102806452719
alphafold,partly disordered,117,7.434456364781867,2.699644444275393,25.677312531015925,0.1623931623931624,7.434456364781867,1.0,0.8376068376068376,0.9664197080121527
alphafold,disordered,49,36.172220762099634,8.995620253019355,84.52331678472852,0.08163265306122448,36.172220762099634,,0.9183673469387755,1.0193214465573
bioemu,folded,251,2.3812323339304817,1.3083737088800533,8.0090361315373,0.4541832669322709,1.2026736891882892,0.2285309000451778,0.2549800796812749,0.984005946507004
bioemu,partly disordered,117,4.343261050520747,2.036060263636428,13.833565823461864,0.24786324786324787,1.0794563988105024,0.223899507754759,0.23076923076923078,0.9766574987196832
bioemu,disordered,49,8.888180348544271,3.9241744765399793,26.9480579253961,0.16326530612244897,1.1000387027706584,0.2596627143719965,0.32653061224489793,1.2094505920036063
boltz2,folded,254,3.5708916793413867,1.405924852081316,11.866973705241726,0.37401574803149606,1.6569688537125904,0.3665428929504143,0.4251968503937008,0.957973245130473
boltz2,partly disordered,117,21.27463165204457,3.809413432507736,49.57304284454823,0.1111111111111111,6.398198738774881,0.1303070704247809,0.717948717948718,0.8333471106573029
boltz2,disordered,49,153.05784085595397,32.79520339637821,267.49124098365286,0.0,75.57819653129113,,0.9387755102040817,0.5279221130730957
esmfold,folded,254,3.6081673654333737,1.383094582728913,10.052890978741505,0.3661417322834646,3.6081673654333737,1.0,0.6338582677165354,0.9728987793621815
esmfold,partly disordered,117,8.632511590343332,3.1884302938463134,27.047964408075536,0.1111111111111111,8.632511590343332,1.0,0.8888888888888888,0.9140680788658313
esmfold,disordered,49,28.393960914722744,6.231384580167926,68.82259859821045,0.04081632653061224,28.393960914722744,,0.9591836734693877,0.8902880595272451
idpfold,folded,142,30.837351123901605,8.334955799549615,114.70859078643925,0.06338028169014084,2.620511682213687,0.11123545343558935,0.5422535211267606,1.1785291365336927
idpfold,partly disordered,66,12.599497553884145,3.2249116507926554,55.951517174607524,0.15151515151515152,1.3897622101868699,0.1942118856923009,0.36363636363636365,1.0593452615859338
idpfold,disordered,45,6.9407583295796105,2.418481495737664,22.809078067279703,0.17777777777777778,1.1666752532255884,0.4577541029939685,0.26666666666666666,1.0099122189749905
idpsam,folded,239,333.8749883815481,68.65772768046533,1671.5320576251602,0.02092050209205021,227.8958040135683,0.0730285718809851,0.9497907949790795,0.4851641130891715
idpsam,partly disordered,108,271.8619765704715,84.03872680318973,1023.173979179656,0.009259259259259259,218.44809268591436,0.1627758257699803,0.9444444444444444,0.4280699882582274
idpsam,disordered,48,194.9253700638976,86.7262730743414,503.4012839444609,0.0,160.18816891248213,,0.9583333333333334,0.39322404367213515
peptron,folded,254,2.66539513519789,1.3049307848884166,8.752514225878148,0.42913385826771655,1.2877223495181829,0.3666755239148936,0.3228346456692913,0.9720068415020888
peptron,partly disordered,117,5.148781223121198,2.2193663433244044,21.78330502106853,0.2222222222222222,1.2210103033194777,0.23564003390854144,0.3162393162393162,0.9247956825414002
peptron,disordered,49,11.19745481387314,5.170749651610072,29.58461610295754,0.10204081632653061,1.473015308630621,0.1449439719122392,0.42857142857142855,1.0106790997597472
