label,dup_cluster,group
SASDA25,0,0
SASDA37,1,1
SASDA46,2,2
SASDA47,1,1
SASDA57,1,1
SASDA96,3,3
SASDAB4,4,4
SASDAB5,5,5
SASDAE6,6,6
SASDAG6,7,7
SASDAG8,8,8
SASDAH4,9,9
SASDAJ5,10,10
SASDAK2,11,11
SASDAN2,12,12
SASDAQ2,13,13
SASDAR3,6,6
SASDAS6,14,14
SASDAT3,15,15
SASDAT4,16,16
SASDAW6,17,17
SASDAX6,18,18
SASDAY4,19,0
SASDAZ4,19,0
SASDB26,20,19
SASDB43,21,20
SASDB53,21,20
SASDB64,22,21
SASDB76,20,19
SASDB84,23,22
SASDB85,24,23
SASDB93,25,24
SASDBB3,26,25
SASDBB9,27,26
SASDBC7,28,27
SASDBD4,29,28
SASDBD9,30,29
SASDBG3,31,30
SASDBG6,32,31
SASDBK6,33,32
SASDBM9,34,33
SASDBN2,13,13
SASDBN3,35,34
SASDBP2,13,13
SASDBP4,36,35
SASDBP9,37,36
SASDBQ3,38,37
SASDBR4,39,38
SASDBT2,40,39
SASDBU7,41,40
SASDBV9,42,41
SASDBW2,43,39
SASDBW3,44,42
SASDBW9,45,41
SASDBX2,43,39
SASDBX9,46,41
SASDBY5,47,43
SASDBY9,48,41
SASDBZ6,49,44
SASDBZ9,50,41
SASDC23,51,45
SASDC26,52,46
SASDC35,53,47
SASDC36,52,46
SASDC45,54,48
SASDC46,55,46
SASDC53,56,45
SASDC55,57,49
SASDC62,58,50
SASDC65,59,51
SASDC88,60,52
SASDCA6,61,53
SASDCD3,62,54
SASDCD6,63,55
SASDCG6,64,56
SASDCH7,65,57
SASDCJ6,66,58
SASDCK3,67,59
SASDCK6,68,60
SASDCK7,69,61
SASDCK9,70,62
SASDCL2,71,63
SASDCM6,72,13
SASDCN9,73,64
SASDCP5,74,65
SASDCP8,75,66
SASDCU2,76,67
SASDCU8,77,68
SASDCV7,78,69
SASDCY4,79,70
SASDCY9,80,71
SASDD32,81,72
SASDD43,82,73
SASDD76,83,74
SASDD85,84,75
SASDD88,85,76
SASDD95,86,77
SASDDD8,87,78
SASDDD9,88,79
SASDDE3,89,80
SASDDE7,90,81
SASDDE8,91,82
SASDDF5,92,83
SASDDF6,93,84
SASDDH6,94,85
SASDDJ2,95,86
SASDDK7,96,87
SASDDL7,97,88
SASDDM6,98,89
SASDDR2,99,90
SASDDU2,100,91
SASDDV2,101,92
SASDDX4,102,93
SASDE27,103,94
SASDE34,104,95
SASDE48,105,96
SASDE53,106,97
SASDE59,107,98
SASDE73,108,99
SASDE79,109,100
SASDE93,110,101
SASDEA9,111,102
SASDEB3,112,103
SASDEC3,113,104
SASDEC6,114,105
SASDEC9,115,106
SASDED2,116,107
SASDED9,117,108
SASDEE2,118,109
SASDEE9,119,110
SASDEJ3,120,111
SASDEK2,121,112
SASDEK4,122,113
SASDEK7,123,114
SASDEL4,124,115
SASDEL6,125,116
SASDEP2,126,117
SASDEQ7,127,118
SASDES5,128,119
SASDET2,129,120
SASDET5,130,121
SASDEW7,131,122
SASDEX2,132,123
SASDEX4,133,124
SASDEX6,134,125
SASDEY9,135,126
SASDEZ2,136,127
SASDF27,137,128
SASDF34,138,129
SASDF37,139,130
SASDF38,140,131
SASDF52,141,132
SASDF53,142,133
SASDF65,143,134
SASDFD3,144,118
SASDFG8,145,135
SASDFJ8,146,136
SASDFK8,147,137
SASDFP4,148,138
SASDFP8,149,139
SASDFU7,150,140
SASDFY7,151,141
SASDG45,152,142
SASDGA5,153,143
SASDGB5,154,144
SASDGD2,155,145
SASDGD6,156,146
SASDGG2,157,147
SASDGP5,158,148
SASDGQ9,159,149
SASDGR2,160,150
SASDGX4,161,151
SASDGZ5,162,152
SASDH24,163,153
SASDH25,164,154
SASDH33,165,155
SASDH34,166,153
SASDH64,167,156
SASDH65,168,157
SASDH69,169,158
SASDH84,170,159
SASDH95,168,157
SASDHC9,171,160
SASDHD5,172,161
SASDHF8,173,162
SASDHG4,174,163
SASDHG9,175,164
SASDHN7,176,165
SASDHP4,177,166
SASDHP7,178,167
SASDHS8,179,168
SASDHT5,180,169
SASDHV4,181,170
SASDHW9,182,171
SASDJ28,183,172
SASDJ29,184,173
SASDJ63,185,174
SASDJ83,186,175
SASDJ84,187,176
SASDJ86,188,177
SASDJ93,189,178
SASDJ94,190,176
SASDJA4,191,179
SASDJA5,192,180
SASDJB2,193,181
SASDJB9,194,182
SASDJC4,195,183
SASDJD6,196,184
SASDJE2,197,185
SASDJE4,198,186
SASDJF5,199,187
SASDJF6,200,188
SASDJG2,201,189
SASDJG4,202,190
SASDJG6,200,188
SASDJH6,200,188
SASDJJ4,203,191
SASDJJ6,204,192
SASDJK6,205,192
SASDJL9,206,193
SASDJM2,207,194
SASDJM5,62,54
SASDJN5,208,195
SASDJP5,208,195
SASDJR3,209,196
SASDJT3,210,22
SASDJT7,211,197
SASDJV9,212,198
SASDJX3,213,199
SASDJX7,214,200
SASDJY2,215,201
SASDJZ6,53,47
SASDK42,216,202
SASDK52,217,203
SASDK56,218,204
SASDK68,219,205
SASDK76,220,206
SASDK92,221,207
SASDKD6,222,208
SASDKH8,223,209
SASDKK2,224,210
SASDKK9,225,211
SASDKQ3,226,212
SASDKQ4,227,213
SASDKU8,228,214
SASDKV7,229,215
SASDKW7,230,216
SASDKX6,231,217
SASDL26,232,218
SASDL49,233,219
SASDL62,234,22
SASDLA5,235,220
SASDLB7,236,221
SASDLF3,237,222
SASDLF9,238,223
SASDLH5,239,224
SASDLH9,240,225
SASDLJ9,241,225
SASDLK9,242,223
SASDLM8,243,226
SASDLM9,244,227
SASDLQ3,245,228
SASDLR9,246,229
SASDLS4,247,230
SASDLT4,247,230
SASDM43,248,231
SASDM53,248,231
SASDM55,249,232
SASDM65,249,232
SASDM75,250,233
SASDM82,251,234
SASDM97,252,235
SASDMA5,253,236
SASDMC9,254,237
SASDMQ2,255,238
SASDMQ3,256,239
SASDMQ9,257,240
SASDMR3,258,241
SASDMS3,259,239
SASDMS4,260,242
SASDMT5,261,243
SASDMT7,262,244
SASDMU6,263,245
SASDMV6,264,246
SASDMX9,265,247
SASDMY9,266,248
SASDN65,267,249
SASDN68,268,250
SASDN73,269,251
SASDNB2,270,252
SASDNB7,271,253
SASDNB8,272,122
SASDNC7,273,254
SASDND2,274,255
SASDNG9,275,256
SASDNK8,276,257
SASDNL5,277,258
SASDNL8,276,257
SASDNM3,278,259
SASDNM8,279,260
SASDNM9,280,261
SASDNQ9,281,262
SASDNS3,282,263
SASDNS9,283,264
SASDNU3,284,265
SASDNW2,285,266
SASDNW9,286,267
SASDNY9,287,268
SASDP28,288,269
SASDP35,289,270
SASDP64,290,271
SASDP79,291,272
SASDP89,292,273
SASDP98,293,274
SASDPA8,294,275
SASDPB6,295,276
SASDPC7,296,277
SASDPD7,296,277
SASDPJ4,297,278
SASDPK4,298,279
SASDPL2,299,280
SASDPW6,300,281
SASDPW7,301,282
SASDPY2,302,283
SASDQ26,303,284
SASDQ28,304,285
SASDQ46,305,284
SASDQ59,306,286
SASDQ85,307,287
SASDQ97,308,288
SASDQ98,309,289
SASDQB5,310,290
SASDQC5,311,291
SASDQC9,312,292
SASDQD9,312,292
SASDQF5,313,293
SASDQF8,314,294
SASDQG6,315,295
SASDQJ8,314,294
SASDQK7,316,296
SASDQN5,317,297
SASDQN6,318,298
SASDQN8,319,294
SASDQP4,320,299
SASDQU5,321,300
SASDR22,322,301
SASDR25,323,302
SASDR33,324,303
SASDR36,325,304
SASDRA6,326,305
SASDRD9,142,133
SASDRF8,327,306
SASDRG9,328,307
SASDRH2,329,308
SASDRH9,330,309
SASDRJ2,331,310
SASDRJ6,332,311
SASDRK5,333,312
SASDRK7,13,13
SASDRN5,334,313
SASDRQ5,335,314
SASDRQ7,13,13
SASDRS5,336,315
SASDRW6,337,316
SASDRW9,338,317
SASDRX9,338,317
SASDRZ9,339,317
SASDS28,340,318
SASDS37,341,319
SASDS75,342,320
SASDS89,343,321
SASDSB9,344,322
SASDSG5,345,323
SASDSG7,346,324
SASDSJ9,347,325
SASDSL2,348,326
SASDSN2,349,327
SASDSP6,350,328
SASDSQ7,351,329
SASDSQ9,352,330
SASDSS6,350,328
SASDSU5,353,331
SASDSV2,354,332
SASDSV6,355,88
SASDSV9,324,303
SASDSX6,356,333
SASDSZ8,357,334
SASDSZ9,358,303
SASDT25,359,335
SASDT45,360,336
SASDT75,361,337
SASDT85,362,338
SASDTA2,363,339
SASDTE2,364,340
SASDTH2,365,341
SASDTP5,366,342
SASDTQ2,367,343
SASDTQ5,368,344
SASDTR5,369,345
SASDTS5,370,346
SASDTU2,371,347
SASDTU7,372,348
SASDTX8,373,349
SASDTY8,374,350
SASDU37,375,351
SASDU52,376,352
SASDU63,377,353
SASDU67,378,354
SASDU78,379,355
SASDUA2,380,356
SASDUG3,381,357
SASDUH4,382,358
SASDUK2,383,359
SASDUL2,384,360
SASDUL9,129,120
SASDUR3,385,223
SASDUS9,386,361
SASDUV3,387,362
SASDUW6,388,363
SASDUX6,388,363
SASDV46,389,230
SASDV64,390,364
SASDV74,391,365
SASDVA8,392,366
SASDVK2,393,367
SASDVL5,394,368
SASDVL7,395,369
SASDVN2,396,370
SASDVQ7,397,371
SASDVR6,398,372
SASDVT4,399,373
SASDVT5,400,374
SASDVV6,401,375
SASDVX5,402,376
SASDVX6,403,377
SASDVZ8,404,378
SASDWA3,405,379
SASDWG9,406,380
SASDXK3,407,381
