label,n_conformers,n_residues,rg_ca_mean,rg_ca_median,rg_ca_sd,rg_ca_rms,rg_heavy_mean,rg_heavy_rms,reason,disorder_class,length,rg_exp,rg_curve,ratio_coord_exp,ratio_curve_exp,ratio_curve_coord
SASDB84,100,153,15.026132295176462,14.908290265889221,0.511949495097063,15.034850981558654,15.16344259785876,15.170355149858253,disordered,disordered,153,17.42062469296394,16.30409732365514,0.8630489001712502,0.9359077306935062,1.0844202808297407
SASDBY5,100,217,62.971193119303024,60.346427416766765,16.446967037401812,65.08359153886592,62.583959685965574,64.71790197917383,disordered,disordered,217,50.84005024313629,61.124014631878616,1.280163792671558,1.202280767614519,0.9391616717306887
SASDBZ6,100,404,72.47571430872243,68.71357963477199,15.833378915723339,74.18507297595941,71.93602453430967,73.6162307997494,disordered,disordered,404,38.39719079004445,66.13751776614004,1.9320442836978058,1.722457200782721,0.8915205595008677
SASDC53,100,98,20.43366352031511,19.0308539031834,6.07185669313564,21.316708201864387,20.592183864966447,21.42807594018646,disordered,disordered,98,26.86851677293757,21.329021998443967,0.7933712300537162,0.7938295283916424,1.0005776593863822
SASDC62,100,49,24.236544243723465,24.780637113194985,4.115870329636285,24.58354053931909,23.339707397361657,23.64918840577935,disordered,disordered,49,16.48168929049662,20.46334769228457,1.491566799132296,1.2415807221947681,0.8324003476861012
SASDDF6,100,169,44.16249140714883,42.956720800890594,13.768352231236657,46.258979349418134,44.2560876003252,46.32488968198174,disordered,disordered,169,33.0817807556,40.50343968378623,1.3983219250247745,1.2243427880444409,0.8755800550168366
SASDEB3,100,153,44.66128166178344,42.679951860869906,14.875688722912807,47.07351903835264,44.776353251414974,47.16926581320083,disordered,disordered,153,28.51132254398601,38.66293839251404,1.6510464909416143,1.3560555927514961,0.8213309559672781
SASDEC3,100,178,50.78607404180161,46.206577823051234,18.851645269385866,54.17203933711665,51.18231909953661,54.585993154291934,disordered,disordered,178,39.78520287110585,46.60607366456431,1.3616127461413372,1.1714424032361073,0.8603344868471949
SASDED2,100,267,52.37253678501941,49.60443540796815,12.128910705246064,53.758655900180806,52.162806810068126,53.48479665101563,disordered,disordered,267,36.30915034712512,50.603127941207646,1.4805814894106246,1.3936742517362237,0.9413019558221033
SASDEE2,100,187,59.77630560583582,56.89523288432541,16.215308941255397,61.93660433009415,59.82092313764122,62.036202569040114,disordered,disordered,187,30.247748697212263,38.86179153119965,2.0476434444789753,1.2847829410451723,0.627444658155359
SASDEK2,100,38,13.649860959177994,12.881884595782653,3.123516435216561,14.002680426474058,13.874651570021692,14.219030940229144,disordered,disordered,38,16.12422647527856,14.061052375534928,0.868424941062616,0.8720450805558416,1.0041686268116574
SASDET2,100,99,35.65590412568465,35.64993996731826,4.426383924533848,35.92960302685499,35.18210140946032,35.4484401057282,disordered,disordered,99,29.979239477627683,33.60738959135351,1.1984828051981715,1.121022086515349,0.9353676845868355
SASDEX2,100,82,26.033761859833966,24.61557517160967,7.286526040651053,27.03424158942935,26.06527701024801,27.065749597643496,disordered,disordered,82,32.14352574493883,26.737420871244687,0.8410477992970649,0.8318135690343378,0.9890205642646649
SASDEX4,100,104,25.434065771169113,23.64106706617181,7.876559145000074,26.62577483599004,25.778640624771505,26.966909887710926,disordered,disordered,104,24.028155036690915,24.60648174336342,1.1081073347218116,1.02406871046859,0.9241602129866605
SASDF27,100,98,40.86286715236436,42.094512306537624,11.022963157020449,42.32351153523072,40.24174148104214,41.64717134830561,disordered,disordered,98,27.47333873499298,37.31032303268776,1.5405303280930678,1.358055655069158,0.8815507428212825
SASDF34,100,271,65.69929655245568,63.44614879576527,17.410235421686455,67.96700570810854,65.74955012130918,68.02576550619564,disordered,disordered,271,46.21389424619515,61.07191454471328,1.4707050080226545,1.3215054810002602,0.8985523771194664
SASDJG6,100,40,25.648294526810147,25.880675592255628,4.337317771421786,26.012445820881407,26.15552061161391,26.523818826806927,disordered,disordered,40,9.424330958943306,22.91977088557393,2.7601371316652092,2.4319785654199673,0.8811078759527932
SASDJH6,100,51,16.067778056371342,15.634631949140122,3.03813695067834,16.352485064964455,16.141679347966452,16.416427220395654,disordered,disordered,51,18.877000305256832,16.867675088792478,0.8662650209530719,0.8935569643496376,1.0315053046543872
SASDJJ6,100,191,53.46822701180545,49.76607106522466,13.164925152834021,55.06511194999685,52.6678552046563,54.11014341974507,disordered,disordered,191,33.94387746943146,49.27241806260221,1.622239886989527,1.451584843451519,0.8948028310075021
SASDJK6,100,209,57.75427246932954,55.38055464820478,14.856531243743904,59.63449093484319,56.65082381766453,58.52977169421544,disordered,disordered,209,38.21268048362726,52.70673962988518,1.560594289123329,1.3792997236210136,0.8838297905061805
SASDJT3,100,439,31.072948208825224,31.12170632183426,1.5490399436488285,31.111535403051935,31.59949795817391,31.638890614969604,disordered,disordered,439,33.476669963690235,31.904374762964345,0.9293497661743658,0.9530331062668047,1.0254837747363197
SASDJT7,100,180,57.05011170513145,55.10423652178636,16.761275491166995,59.46137907632794,57.18508974932931,59.665446835881795,disordered,disordered,180,35.034740281753216,51.00597069690098,1.6972119273079527,1.4558683834018857,0.8577999953789649
SASDK68,100,150,48.19376444214159,45.465127603751355,17.107922070648147,51.14019875479563,48.651433912007924,51.67783918055301,disordered,disordered,150,35.81531059549425,43.43802784536256,1.4278865073204006,1.212834040055129,0.8493910642318182
SASDKH8,100,173,47.66755411597606,44.19849211691739,16.708141913336416,50.51096634985017,47.75789973773271,50.53489061493671,disordered,disordered,173,37.30106760782824,44.222252300124566,1.3541426449480396,1.1855492385650594,0.8754980451934224
SASDLF9,100,133,48.87279066830423,47.47466823928012,14.329180209926562,50.9300998742044,49.217781506176124,51.312488573848526,disordered,disordered,133,33.05699054942868,46.28328078234075,1.5406756340402745,1.4001056966494083,0.9087608486270176
SASDLJ9,100,62,16.268009675973616,15.713823887659743,2.762169543322971,16.500839960548436,16.399614516336285,16.6321266728911,disordered,disordered,62,24.26268893160696,17.982711506452656,0.6800911476490482,0.7411672942411016,1.0898058250032847
SASDLK9,100,475,81.17910802112587,78.82582958202485,18.81442590399314,83.33084783681535,81.16623435363364,83.3010406189516,disordered,disordered,475,71.66806527509094,78.27335496516739,1.1627333250445362,1.09216503424116,0.939308275351381
SASDLS4,100,255,69.61089811052149,68.23428022175545,16.956579826220082,71.64637279832368,69.47467545723038,71.48002887441513,disordered,disordered,255,46.96046974149995,65.59627478258875,1.5256741083023768,1.396840260407786,0.9155561156910865
SASDLT4,100,410,79.92597449367584,78.93820078549643,16.80286469868854,81.67311467579863,80.02902078316667,81.79505913214186,disordered,disordered,410,62.843037652504194,76.00554909212612,1.2996366459466349,1.2094505920036063,0.9306067167124713
SASDQ26,100,64,29.7731867399486,29.351960303698775,7.584938148358866,30.72415882276162,30.062488215118677,31.0103292151059,disordered,disordered,64,22.85731108078961,28.54844576574483,1.344172055679099,1.2489853099885544,0.9291855939956625
SASDQK7,100,140,50.46595670192948,48.411687237902285,14.46845000985027,52.499036481906586,51.56938323498861,53.7040059809552,disordered,disordered,140,51.87611231532393,48.276000185283486,1.0120079192287246,0.930601736148663,0.9195597370995839
SASDQN8,100,133,49.29021472162146,49.0156261392681,12.862205144566136,50.940765487813906,48.98145979897614,50.585570539235775,disordered,disordered,133,32.42441892679268,45.77458834947183,1.5710617853423101,1.4117319558700785,0.8985846190399723
SASDRA6,100,102,37.11875851739504,36.274143466222554,7.8958648421653965,37.949267654046125,36.79366612247758,37.59211571626265,disordered,disordered,102,26.117669783313424,36.21384507937053,1.4530112360288707,1.3865649340014075,0.9542699324135556
SASDRF8,100,89,35.79911554223631,34.15101208368951,9.284259137901556,36.98343063246153,35.96316613726053,37.15519193143531,disordered,disordered,89,22.58955470205852,32.503933410429006,1.637191663149134,1.4388921711443483,0.8788782666878738
SASDSZ9,100,80,32.42928976292052,31.210593409186025,6.470834596863755,33.06857322152606,32.57252337727921,33.237806936244645,disordered,disordered,80,26.355636594609223,29.79043823408415,1.2547059185164928,1.1303251252211255,0.9008685689133996
SASDTA2,100,80,27.8927734422527,25.973360634184793,8.71716679235558,29.223206654756147,27.712998337104736,28.996253813705536,disordered,disordered,80,22.53150109032888,26.702088937707117,1.2969933311411517,1.1851003104790192,0.9137289159662185
SASDU37,100,114,31.931486656479354,30.12315037857791,9.21505968417721,33.234577853131626,32.0322591925249,33.325749252289334,disordered,disordered,114,34.32186712621504,31.634713930435836,0.9683208005821763,0.9217072548559937,0.9518614639919358
SASDUL9,100,76,29.284622517478354,29.118353436939813,5.366969758204659,29.7723610144826,28.444560563422687,28.888394545777217,disordered,disordered,76,25.490139065991244,28.491718245353027,1.167995236801382,1.1177545234881228,0.9569855152399029
SASDUR3,100,51,16.654442352929063,16.304784456636167,3.308562264324805,16.979900893231132,16.981261849164564,17.28627551441588,disordered,disordered,51,20.82789397547116,17.653326212572843,0.8152480953296681,0.8475809524171297,1.0396601442833018
SASDV46,100,130,45.55054040565812,44.07522709524359,12.811003506005672,47.317793081233,45.929053488512146,47.71831303727556,disordered,disordered,130,33.81936850990636,42.7759052416855,1.399132957416774,1.2648345349545953,0.9040131091543049
SASDVL5,100,62,23.216720816478432,23.88049186068753,3.4766609549157974,23.475589382712826,23.428979306399533,23.68534055370107,disordered,disordered,62,22.515081103785832,22.957794478492385,1.0426606626242838,1.0196629704625897,0.9779432628600269
SASDAZ4,100,243,24.019431018413133,22.44380222436854,3.603678784180811,24.28825986413728,24.211092593078547,24.462562854506167,folded sample,folded,243,29.6991358606513,24.207006272621744,0.8178103220948275,0.8150744313303022,0.9966546145351685
SASDB53,100,333,44.64123028789325,44.912545973943324,1.8461775650602146,44.67938913210933,44.16367023106254,44.20073321336027,folded sample,folded,333,40.02064760007719,38.96562104671693,1.116408449423071,0.9736379439957333,0.8721162442821732
SASDB76,100,317,34.727591253935614,34.723532411608915,0.797795223580776,34.73675390014435,35.178177539348354,35.188454061382565,folded sample,folded,317,36.58720342695236,34.65576287780197,0.9494235865689354,0.9472099431429194,0.9976684343455005
SASDBB3,100,140,20.884913431327504,20.790761991099025,0.40787082425466636,20.888895797607926,20.97801884699006,20.982121559467902,folded sample,folded,140,21.075252027461502,21.279320099572544,0.9911575800084976,1.0096828295028282,1.0186905189124131
SASDBK6,100,133,14.892508424455661,14.657940969562448,0.7952740920377677,14.913727503677588,15.143506218232481,15.161582728332618,folded sample,folded,133,18.99073112008637,17.505855591879023,0.7853161318209302,0.9218105127802687,1.1738081970159533
SASDBY9,100,226,26.28650536926312,26.284929589523017,1.6804663450146162,26.340165748624777,26.454596237448676,26.508683328729518,folded sample,folded,226,28.006876077328062,26.46950062263565,0.9404892454231084,0.9451072140124568,1.0049101769231512
SASDC26,100,410,26.756987749867104,26.33441735792462,2.6275283694814564,26.885689479330225,26.736477230837536,26.86585728853896,folded sample,folded,410,31.60524213430056,27.50448510801016,0.8506718399778277,0.870250732177118,1.0230157991356579
SASDCK3,100,451,23.002633560368768,22.85426704142548,0.6973725836677965,23.013202281148423,23.632762975975712,23.643176634495077,folded sample,folded,451,26.64172846186229,25.94254395614593,0.8638028990533362,0.9737560381370434,1.1272896157262353
SASDDD8,100,291,19.760548586296036,19.62129603423916,1.2371701241380844,19.79923913556847,19.73075255336076,19.763022021104174,folded sample,folded,291,23.349134782667196,22.280796476133396,0.8479645742704811,0.954245058051279,1.125335995164931
SASDEC6,100,334,23.350090995377432,23.090352155459527,1.5623621544569803,23.402301702911313,23.569142437005763,23.620868394218203,folded sample,folded,334,25.934930423058976,25.622603546442548,0.9023468087696939,0.9879572888177585,1.0948753619074583
SASDET5,100,389,21.271515688069854,21.175360970324448,0.8983635483272449,21.290477606967045,21.281467599632503,21.298553487600646,folded sample,folded,389,26.54816128092102,23.641984183402545,0.801956767614922,0.8905318878107384,1.1104487470805258
SASDEY9,100,403,25.569535709404654,25.474085589763995,1.4863178869294504,25.61269796908412,25.98836432732768,26.030905517944355,folded sample,folded,403,28.2175774377076,26.79796108113201,0.9076859282348406,0.9496903531244133,1.0462763865594544
SASDF37,100,89,14.513512102789221,14.571070264777227,0.6274807030274748,14.5270700965639,14.84216457527883,14.853448956843408,folded sample,folded,89,18.744939526615312,17.086176071285433,0.7749862343347333,0.9115087326382325,1.1761611913283767
SASDFP8,100,260,17.444672183329928,17.443113766347214,0.12100248478781343,17.44509183653585,17.587329859053174,17.587764686150493,folded sample,folded,260,18.188052616508777,18.315813835130257,0.9591511639185294,1.007024458380196,1.0499121475973445
SASDGA5,100,219,19.270593620470393,19.081973356273625,1.095247682644241,19.30169282658005,19.509337008815656,19.54045427405172,folded sample,folded,219,22.16437642566953,21.141538421850807,0.8708430346015023,0.9538521642037207,1.0953204266486478
SASDGD2,100,309,20.055912229870756,20.030848246076022,0.1780402265346364,20.05670246313047,19.95682676860947,19.957478977566826,folded sample,folded,309,21.519191296420303,21.0267798022066,0.9320379277666854,0.9771175650873267,1.0483667412855822
SASDH64,100,76,12.404559181023881,12.356781251880268,0.5676275929241255,12.417539593646264,12.617473378876184,12.628705606230763,folded sample,folded,76,13.681804641474075,13.58006907595726,0.9075951542243627,0.9925641705767073,1.0936199537391313
SASDH84,100,135,17.577487164783765,17.621516042489027,1.3746910988187786,17.6311607855328,17.868254436706675,17.91873418550599,folded sample,folded,135,21.196169696143176,19.80444599031161,0.8318088144359846,0.9343407924270014,1.1232638753179593
SASDJB2,100,278,18.674804724687064,18.684946106328766,0.09619112537465242,18.675052456092192,18.693497199133184,18.693739499520262,folded sample,folded,278,21.7493830991841,20.402510103284072,0.8586474554670364,0.9380730483362282,1.0925008190072498
SASDJG4,100,261,23.877873219179307,23.411898799695905,2.5097976627642042,24.009413024462237,23.9833542776145,24.11586088960465,folded sample,folded,261,28.54921955880945,26.52633577071052,0.8409831650565606,0.9291439899457873,1.1048306655262206
SASDJM2,100,381,38.68781212127642,38.633981323419505,3.87830074486248,38.88171836993298,37.84654189951621,38.015900407286615,folded sample,folded,381,33.30094974103696,37.25357802286794,1.1675858698413881,1.1186941607542242,0.9581258129701368
SASDL26,100,273,29.10371716649914,29.183127472842983,1.8869812889934046,29.164825583099038,28.046286144984443,28.097399780764498,folded sample,folded,273,25.44953543642256,28.629563179934003,1.145986560578205,1.124954255116197,0.9816469876824767
SASDM43,100,119,16.38234328284135,16.432642660872673,1.2147679182100406,16.42731970018145,16.51790190333367,16.555996276237384,folded sample,folded,119,16.597264852235362,17.46954319247039,0.9897606531216483,1.0525555474351274,1.0634445248105464
SASDM75,100,476,29.231360887551855,29.24258904645196,0.3947973103214998,29.2340268224296,29.355135009136553,29.35718439761008,folded sample,folded,476,31.683341944875067,30.245924379670264,0.9226939150956057,0.9546317567223267,1.0346136905253263
SASDM97,100,274,25.037551785320037,24.39974634083717,4.150092730803551,25.379169984001663,25.245737298561913,25.612529551565796,folded sample,folded,274,23.610050873932096,24.48387800678476,1.0749307623061013,1.0370108110956024,0.9647233547124957
SASDMA5,100,60,11.398107530347763,11.350636642444666,0.5809836606234997,11.412904857540951,12.095956400008887,12.111813230390295,folded sample,folded,60,11.624823382481823,12.408207641130822,0.9817701725034184,1.0673889170505189,1.0872085412095795
SASDMT7,100,438,20.58799050229308,20.58633697479315,0.07951719100536077,20.58814406172095,21.074160075455953,21.074313697429922,folded sample,folded,438,23.43518668768269,22.86870451122355,0.8785141904818655,0.9758277079671451,1.1107705698321197
SASDNB2,100,105,13.284654530117875,13.253080932358277,0.20816012955397858,13.28628528310744,13.647383574914489,13.649085344131608,folded sample,folded,105,19.69670281019105,14.743464708278577,0.6745436234247862,0.7485245043475158,1.1096754581225075
SASDNL5,100,311,25.835421753765846,25.870618954753304,1.6750245118138527,25.889664430234212,24.980226427821073,25.018746836218742,folded sample,folded,311,23.257996074718505,24.799687265258548,1.1131511221801407,1.0662865014503922,0.9578991389435401
SASDNM3,100,224,27.96844077057433,27.92816035256998,0.451992284271859,27.97209280983755,27.99006539008219,27.993750230135355,folded sample,folded,224,29.43887111604568,27.504215172400595,0.9501754567820823,0.9342822645603894,0.983273413233049
SASDNY9,100,320,20.84344220455121,20.679599590017585,0.8487286261255904,20.860714829920656,20.767059240542494,20.784248747768157,folded sample,folded,320,24.416581191012437,21.72777205289086,0.8543667381901661,0.8898777385299418,1.041564118489678
SASDPB6,100,215,26.127315814051126,26.18870517298579,0.6402795898670479,26.13516002630109,26.65258281178011,26.66129387233691,folded sample,folded,215,28.280849700507098,29.465537814417072,0.9241292359696133,1.0418901173923616,1.127429018409088
SASDQ97,100,340,23.349798508273494,22.53412571147618,1.9379901793517975,23.430085281796035,23.455118752325255,23.53281232830421,folded sample,folded,340,29.100302367256603,26.184358302407247,0.8051492038158118,0.8997967777774588,1.1175528380492554
SASDQN6,100,126,14.449174705342225,14.385688111982663,0.5575038429856751,14.459926009507978,14.556667585135806,14.563616762675473,folded sample,folded,126,18.766244163069427,16.409130869682947,0.7705285023395377,0.874396108624383,1.1348004726229781
SASDR36,100,278,23.591587082316195,22.73900676660449,2.4625332726140403,23.719760774114892,23.8500284316885,23.96136320544688,folded sample,folded,278,27.964598241991062,25.529668771524538,0.8482067422838133,0.9129281440271048,1.0763038048589755
SASDRD9,100,452,24.54665449685727,23.857794636327963,2.0970799186866604,24.636070936199264,24.82025123118696,24.90876743079155,folded sample,folded,452,23.65522145696537,25.41443575270905,1.0414643963920733,1.0743689632728284,1.0315945192123184
SASDRK5,100,103,13.285080579326292,13.208810595138367,0.43098423938961805,13.292069568498162,13.622845796704944,13.631013848728239,folded sample,folded,103,15.55480963881323,14.755290903102582,0.8545311628456737,0.9485999022633074,1.110082280796379
SASDS75,100,457,31.40710450427944,28.693611354085775,6.427415620437968,32.05803931778393,31.61478475578631,32.26267505150114,folded sample,folded,457,27.79104648939525,31.055335410321863,1.153538400578651,1.1174582944248692,0.9687222322762008
SASDTY8,100,274,19.232822439535376,19.22311422046284,0.18574609558958707,19.23371936476984,19.468580833523127,19.46938120224861,folded sample,folded,274,20.538675937569227,20.086573470680342,0.9364634518424643,0.9779877501225918,1.044341611195215
SASDVN2,100,211,25.36718325988487,25.73254822454264,2.5998968648065057,25.500067651836023,25.682879070846788,25.812343685255925,folded sample,folded,211,24.693000068151267,25.18235452639413,1.0326840635587937,1.019817537637884,0.9875406948020775
SASDD43,100,187,15.892330108571146,15.882089719820035,0.22217600535312254,15.893883051575271,16.162075733457296,16.163500592233493,worked example,folded,187,17.47467396485706,17.24291713129892,0.9095381741335555,0.9867375589367663,1.0848775642394037
SASDVZ8,100,150,15.423353280454265,15.350950892684743,0.40291086744552385,15.428615089527804,15.576673963884362,15.580333012364417,worked example,partly disordered,150,17.5317001270869,16.877760951808593,0.8800410101522455,0.962699614382067,1.0939258549047866
