label,disorder_class,y_log10_chi2,y_positive,pred_constant,pred_class_mean,pred_ridge,pred_hgb,prob_rate,prob_class_rate,prob_logistic,prob_hgb
SASDA25,folded,0.205246170645832,0,0.6560256508789247,0.5275456004784724,0.5454684210736657,0.3766544289020437,0.46601941747572817,0.42328042328042326,0.4707271145905303,0.25018501018911493
SASDA37,partly disordered,0.4372600129004062,1,0.6560256508789247,0.781035986570263,0.9209809451784898,1.207404675239764,0.46601941747572817,0.49411764705882355,0.7875280749581822,0.7232276811442198
SASDA46,partly disordered,0.2298222059424798,0,0.6776344972273983,0.8154639382500893,0.7447703745197458,0.7489996113919127,0.48286604361370716,0.4819277108433735,0.5023928166712938,0.4021681356224466
SASDA47,partly disordered,1.0925000588688722,1,0.6560256508789247,0.781035986570263,1.0900390662192319,1.1731360970765385,0.46601941747572817,0.49411764705882355,0.8205570109511156,0.7760577624774998
SASDA96,folded,-0.021006133050353072,0,0.6776344972273983,0.5690034372211482,0.5640776675250069,0.3030074025876435,0.48286604361370716,0.46116504854368934,0.5063138988062841,0.3232092405800358
SASDAB4,folded,0.9418002976222309,1,0.680018163174674,0.565770389627346,0.6824010895835643,1.0320520511825553,0.4617737003058104,0.41836734693877553,0.5057984028434755,0.580787219631542
SASDAB5,partly disordered,0.7846566209778844,0,0.6776344972273983,0.8154639382500893,0.7665118135146436,0.8269631218461218,0.48286604361370716,0.4819277108433735,0.584785493764531,0.36396473075308483
SASDAE6,partly disordered,0.2850189352675326,0,0.665881362271338,0.7605729408702019,0.739051131535884,1.0316506767520293,0.475,0.5053763440860215,0.44360448983289724,0.4465825595718181
SASDAG6,folded,0.8553885233693219,1,0.6812417180168958,0.5795962976751583,0.624745545174159,0.7189902666164265,0.4702194357366771,0.4329896907216495,0.44781004747230635,0.7315887546067507
SASDAG8,folded,2.193641767829207,1,0.6776344972273983,0.5690034372211482,0.6344754964733013,1.0200199272947965,0.48286604361370716,0.46116504854368934,0.4064779519671899,0.5778813651625287
SASDAH4,folded,0.5741653050443125,1,0.680018163174674,0.565770389627346,0.5911957750641714,0.29576693210741223,0.4617737003058104,0.41836734693877553,0.40935986726567125,0.5927322313249367
SASDAJ5,folded,0.5207973909822113,1,0.680018163174674,0.565770389627346,0.5816294254378096,0.013394852225418637,0.4617737003058104,0.41836734693877553,0.44274069586610726,0.17005267860732245
SASDAK2,folded,0.3309727485102751,0,0.680018163174674,0.565770389627346,0.5518283306894503,0.2526384973865364,0.4617737003058104,0.41836734693877553,0.3747952540165578,0.36963127131198953
SASDAN2,folded,0.7011912449543527,1,0.680018163174674,0.565770389627346,0.5764990557901217,0.3306894204638071,0.4617737003058104,0.41836734693877553,0.3772675120163203,0.33210148974454967
SASDAQ2,folded,0.04097237849155771,0,0.6812417180168958,0.5795962976751583,0.5789309463502422,0.017793793246761468,0.4702194357366771,0.4329896907216495,0.31734439563690775,0.17997384238005482
SASDAR3,partly disordered,1.1469605584433462,1,0.665881362271338,0.7605729408702019,0.6590182155654639,0.5324184288931053,0.475,0.5053763440860215,0.5428242675043882,0.433985645986183
SASDAS6,folded,0.6284099104779772,1,0.680018163174674,0.565770389627346,0.6602817910661233,0.5091294968990242,0.4617737003058104,0.41836734693877553,0.6209148497031538,0.755224005316091
SASDAT3,folded,1.4760079936603936,1,0.6560256508789247,0.5275456004784724,0.6284726562652818,0.7532141666091076,0.46601941747572817,0.42328042328042326,0.5382452636961765,0.7084026472154495
SASDAT4,partly disordered,1.1932994982002494,1,0.665881362271338,0.7605729408702019,0.8255357396760215,0.763986895050637,0.475,0.5053763440860215,0.6519051807062737,0.37239687925412135
SASDAW6,folded,0.9401608620923414,1,0.680018163174674,0.565770389627346,0.6034380435292885,0.778000957741337,0.4617737003058104,0.41836734693877553,0.43790947049335144,0.48965377929617687
SASDAX6,folded,0.148665935715967,0,0.6560256508789247,0.5275456004784724,0.4896417022344401,0.2851454755952152,0.46601941747572817,0.42328042328042326,0.41841048746062276,0.2288661590883096
SASDAY4,folded,2.595906234690551,1,0.6560256508789247,0.5275456004784724,0.656409547638021,0.8304400770649568,0.46601941747572817,0.42328042328042326,0.5364638618726003,0.7054906613770886
SASDAZ4,folded,0.8217853082419593,0,0.6560256508789247,0.5275456004784724,0.6391049530820512,0.6034746151166771,0.46601941747572817,0.42328042328042326,0.5151836520523706,0.35550233581059376
SASDB26,folded,1.362514198322602,1,0.680018163174674,0.565770389627346,0.7573223650689481,1.0229882890829962,0.4617737003058104,0.41836734693877553,0.7727431574631475,0.7082008299536618
SASDB43,folded,0.30611397959397446,0,0.680018163174674,0.565770389627346,0.6728884161365827,0.5053921742791397,0.4617737003058104,0.41836734693877553,0.7054253114488982,0.7540145333459645
SASDB53,folded,2.1573172492585484,1,0.680018163174674,0.565770389627346,0.6918781499041855,0.6614780822819011,0.4617737003058104,0.41836734693877553,0.7431181528000714,0.613430699295231
SASDB64,folded,0.931967316801104,1,0.6812417180168958,0.5795962976751583,0.7262244202461274,0.9365470214398747,0.4702194357366771,0.4329896907216495,0.6289656630648975,0.9083028815507522
SASDB76,folded,0.5299280946807805,1,0.680018163174674,0.565770389627346,0.6740758803196012,0.7266224742883526,0.4617737003058104,0.41836734693877553,0.653889589687154,0.8706068687829711
SASDB84,disordered,0.6580228803202793,1,0.6776344972273983,1.0194518333650286,0.7300828610080747,0.6257164894515718,0.48286604361370716,0.625,0.5302305072224921,0.7026912950020753
SASDB85,partly disordered,0.25196444579912775,0,0.665881362271338,0.7605729408702019,0.6560732905380531,0.6843822432816327,0.475,0.5053763440860215,0.6305551957430008,0.5356805941270909
SASDB93,folded,1.1333828176629386,1,0.6812417180168958,0.5795962976751583,0.8405728896741709,1.0289464474323418,0.4702194357366771,0.4329896907216495,0.8633148899402011,0.7916758840721488
SASDBB3,folded,0.8973265498663541,1,0.6812417180168958,0.5795962976751583,0.6377139347906965,0.2165002414867165,0.4702194357366771,0.4329896907216495,0.5249555972766535,0.17017916473386
SASDBB9,folded,0.9919714499808155,1,0.680018163174674,0.565770389627346,0.67934600232197,0.6656692361146148,0.4617737003058104,0.41836734693877553,0.5569407861912771,0.7136565151023566
SASDBC7,partly disordered,0.06001556459547295,0,0.6812417180168958,0.7779004698076938,0.7930183406480353,0.8019785316495024,0.4702194357366771,0.4891304347826087,0.41673146276056316,0.625213933831224
SASDBD4,folded,0.6168500474334966,1,0.6560256508789247,0.5275456004784724,0.6904914765295903,1.090736264743355,0.46601941747572817,0.42328042328042326,0.6486997149129973,0.6879243649908591
SASDBD9,folded,0.528868636386763,1,0.6560256508789247,0.5275456004784724,0.6056125068033249,0.5338621211903809,0.46601941747572817,0.42328042328042326,0.5325974302071,0.5104721670749395
SASDBG3,folded,1.2143944091318901,1,0.665881362271338,0.5854979769293724,0.722390880566369,1.0498868121518814,0.475,0.4371859296482412,0.5443203904329986,0.643876311876922
SASDBG6,folded,0.19383803163578306,0,0.6776344972273983,0.5690034372211482,0.5821117411518696,0.8514885979914687,0.48286604361370716,0.46116504854368934,0.3828863625379268,0.44131105512108965
SASDBK6,folded,0.9716688472239075,1,0.665881362271338,0.5854979769293724,0.5591411348370248,0.5627380059549507,0.475,0.4371859296482412,0.4779543754583761,0.420968044570736
SASDBM9,folded,0.11330216228646955,0,0.680018163174674,0.565770389627346,0.5622713193639952,0.39638389683709496,0.4617737003058104,0.41836734693877553,0.4887391843195802,0.09261496941660634
SASDBN2,folded,0.23185008305561536,0,0.6812417180168958,0.5795962976751583,0.6447653809895608,0.5110653965119003,0.4702194357366771,0.4329896907216495,0.4485135558106665,0.1717438204505735
SASDBN3,folded,0.6543123070472432,1,0.6812417180168958,0.5795962976751583,0.6510678518060494,0.5583279320820126,0.4702194357366771,0.4329896907216495,0.4796365459645621,0.3810411686219903
SASDBP2,folded,0.8311588596092219,1,0.6812417180168958,0.5795962976751583,0.6803757530473052,0.5357881650343017,0.4702194357366771,0.4329896907216495,0.4824115818165359,0.23037557215388527
SASDBP4,folded,0.699239108988089,1,0.6812417180168958,0.5795962976751583,0.5299392447370826,0.47339841019100526,0.4702194357366771,0.4329896907216495,0.46799546591094154,0.4387077164885893
SASDBP9,partly disordered,0.9754603073462119,1,0.6776344972273983,0.8154639382500893,0.818930055756445,1.0563385359584134,0.48286604361370716,0.4819277108433735,0.6739180473336235,0.9059563672755614
SASDBQ3,partly disordered,0.14132706341148066,0,0.6812417180168958,0.7779004698076938,0.6278034684168692,0.8047193902368005,0.4702194357366771,0.4891304347826087,0.36958883421929456,0.2247660715210766
SASDBR4,folded,2.2611691760932087,1,0.6812417180168958,0.5795962976751583,0.6248549618659006,0.5789497821854218,0.4702194357366771,0.4329896907216495,0.37419349716684175,0.47364304075530267
SASDBT2,folded,0.5155378887828087,1,0.6560256508789247,0.5275456004784724,0.5118528284481125,0.48777357320376225,0.46601941747572817,0.42328042328042326,0.43848428201416356,0.6253066217553526
SASDBU7,partly disordered,0.36916310421309106,0,0.665881362271338,0.7605729408702019,0.6204520607138092,0.4296844799320111,0.475,0.5053763440860215,0.506785763651904,0.422944312901364
SASDBV9,folded,0.4692086247581803,0,0.6560256508789247,0.5275456004784724,0.5253808047011991,0.45542837354002935,0.46601941747572817,0.42328042328042326,0.3739448797646253,0.271560226253603
SASDBW2,folded,1.655599397565675,1,0.6560256508789247,0.5275456004784724,0.5277652175292135,0.7939155658057383,0.46601941747572817,0.42328042328042326,0.40161316392579854,0.6327974288793955
SASDBW3,folded,0.01779018893357401,0,0.6812417180168958,0.5795962976751583,0.6100761133942829,0.6199061471765989,0.4702194357366771,0.4329896907216495,0.5264084655330556,0.29262481519989
SASDBW9,folded,0.21579897586132943,0,0.6560256508789247,0.5275456004784724,0.5704348810654687,0.6158508236573135,0.46601941747572817,0.42328042328042326,0.47767971545987753,0.4202739921641266
SASDBX2,partly disordered,2.5264257918213864,1,0.6560256508789247,0.781035986570263,0.7295510037772073,0.7681668513914289,0.46601941747572817,0.49411764705882355,0.45402571469250896,0.5903989766496524
SASDBX9,folded,1.4408971184953,1,0.6560256508789247,0.5275456004784724,0.53440090972614,0.6301824014719462,0.46601941747572817,0.42328042328042326,0.41664934666034575,0.4368872691727868
SASDBY5,disordered,0.8809191646602397,1,0.680018163174674,1.058006123810334,1.018952299314416,1.1556291217895147,0.4617737003058104,0.6388888888888888,0.7484647454772005,0.7613696172117165
SASDBY9,folded,1.331606035142424,1,0.6560256508789247,0.5275456004784724,0.5821278565066272,0.3762059382859239,0.46601941747572817,0.42328042328042326,0.43214225004534534,0.2620581617703291
SASDBZ6,disordered,0.40871977612610366,0,0.6812417180168958,1.0093206992757955,1.0602320153114584,0.8681238233759062,0.4702194357366771,0.6363636363636364,0.7880922542799743,0.5117113431918395
SASDBZ9,folded,1.1677563060463196,1,0.6560256508789247,0.5275456004784724,0.7613995423591257,1.2002928769062502,0.46601941747572817,0.42328042328042326,0.6542478411926475,0.5925274122040198
SASDC23,partly disordered,0.09155043927960818,0,0.6776344972273983,0.8154639382500893,0.7484338079445405,0.7241888535505271,0.48286604361370716,0.4819277108433735,0.42456266814776955,0.43283153217130654
SASDC26,folded,2.124858097681334,1,0.665881362271338,0.5854979769293724,0.6395644554745302,0.8700120463595322,0.475,0.4371859296482412,0.2860479885630535,0.6890668926662495
SASDC35,folded,1.383818626165801,1,0.6560256508789247,0.5275456004784724,0.6949217092703871,1.1139913135383663,0.46601941747572817,0.42328042328042326,0.5229140250347526,0.7342027191614652
SASDC36,folded,0.056644201859036056,0,0.665881362271338,0.5854979769293724,0.5437659369962381,0.6804226684388599,0.475,0.4371859296482412,0.41731648513250696,0.4327306299923001
SASDC45,partly disordered,0.6873686981777121,0,0.680018163174674,0.7724918161472266,0.7597211277988886,0.9744788621954618,0.4617737003058104,0.4842105263157895,0.5343131553022054,0.8282733612958898
SASDC46,folded,-0.015593317615092497,0,0.665881362271338,0.5854979769293724,0.5303957581657337,0.528745595117595,0.475,0.4371859296482412,0.4168651992479332,0.6134467745872016
SASDC53,disordered,1.5693259579217007,1,0.6776344972273983,1.0194518333650286,0.8680942325947812,0.5617861023158394,0.48286604361370716,0.625,0.4853396729876643,0.5562301246657932
SASDC55,folded,0.8142924218388745,1,0.6560256508789247,0.5275456004784724,0.4734036032775778,0.37411034421445105,0.46601941747572817,0.42328042328042326,0.38878828015410044,0.2567518509065468
SASDC62,disordered,0.4809591222828233,0,0.665881362271338,0.9226662506055089,0.7821565894481288,1.2486681709012364,0.475,0.6428571428571429,0.3615552952786718,0.1460869981894711
SASDC65,partly disordered,0.3100089560712535,0,0.6776344972273983,0.8154639382500893,0.8511750292333553,1.0999548410783506,0.48286604361370716,0.4819277108433735,0.7414480390018557,0.9237605581221559
SASDC88,folded,0.03452875271000227,0,0.680018163174674,0.565770389627346,0.5841058396845578,0.40281846095617985,0.4617737003058104,0.41836734693877553,0.31454177150503493,0.22970197608738888
SASDCA6,folded,0.7351279706454273,1,0.665881362271338,0.5854979769293724,0.5305795222897575,0.8103662175361421,0.475,0.4371859296482412,0.30866655446030583,0.4777782053329785
SASDCD3,folded,1.5793048459519556,1,0.6560256508789247,0.5275456004784724,0.5974810914451676,0.4796428031292956,0.46601941747572817,0.42328042328042326,0.4081942361038202,0.3332723526157373
SASDCD6,folded,0.05173901315298696,0,0.680018163174674,0.565770389627346,0.7384799569005778,1.0059008427035128,0.4617737003058104,0.41836734693877553,0.5891113423935794,0.6063270451263066
SASDCG6,folded,0.5265225285736186,1,0.680018163174674,0.565770389627346,0.576325201071522,0.5109900497878928,0.4617737003058104,0.41836734693877553,0.4440310613152256,0.680183388083771
SASDCJ6,folded,0.5869511065372285,1,0.6812417180168958,0.5795962976751583,0.568711763981353,0.49058615494332175,0.4702194357366771,0.4329896907216495,0.39390767398363036,0.38691883896608703
SASDCK3,folded,0.4205416281759697,0,0.665881362271338,0.5854979769293724,0.6251713602400126,0.2859537725476249,0.475,0.4371859296482412,0.3748470431432197,0.12297655411793829
SASDCK6,folded,0.6128575759824482,1,0.665881362271338,0.5854979769293724,0.6533390323455368,0.9102524254053546,0.475,0.4371859296482412,0.453651595827261,0.4607304639291619
SASDCK7,folded,0.799603870352168,1,0.6560256508789247,0.5275456004784724,0.5555887727432425,0.28373215087217313,0.46601941747572817,0.42328042328042326,0.43434811533783146,0.36214278823149515
SASDCK9,folded,0.6206289574291786,1,0.665881362271338,0.5854979769293724,0.6197657639279233,0.4348152344157775,0.475,0.4371859296482412,0.45320308660796094,0.3444052415275036
SASDCL2,folded,0.817448635339482,1,0.680018163174674,0.565770389627346,0.6273729393840817,0.728523734811215,0.4617737003058104,0.41836734693877553,0.45565939051913595,0.4842801810589225
SASDCM6,folded,0.12938232660816637,0,0.6812417180168958,0.5795962976751583,0.6438008098476373,0.6355255354643319,0.4702194357366771,0.4329896907216495,0.4684320631306977,0.31729395318192427
SASDCN9,folded,0.1531907327534455,0,0.665881362271338,0.5854979769293724,0.6188131668170244,0.4371761256705298,0.475,0.4371859296482412,0.5587098532692285,0.3603706781515284
SASDCP5,partly disordered,1.5828171394239954,1,0.6560256508789247,0.781035986570263,0.5741504280496464,0.6639119946103325,0.46601941747572817,0.49411764705882355,0.4071647241302277,0.3709185505105071
SASDCP8,folded,1.9831755065164542,1,0.680018163174674,0.565770389627346,0.5838745089917746,0.8055098589716974,0.4617737003058104,0.41836734693877553,0.43565479210527297,0.7866776419171738
SASDCU2,partly disordered,1.0695925663438397,1,0.6560256508789247,0.781035986570263,0.7992310586304158,1.151277647995918,0.46601941747572817,0.49411764705882355,0.5076550683276234,0.8679610213082567
SASDCU8,folded,0.012528921315493942,0,0.6560256508789247,0.5275456004784724,0.5263680660665341,0.3065937645333345,0.46601941747572817,0.42328042328042326,0.3986813575892279,0.14174362964599466
SASDCV7,partly disordered,2.254035104905926,1,0.6776344972273983,0.8154639382500893,0.8811455209943847,0.6903802065349275,0.48286604361370716,0.4819277108433735,0.6044437695237447,0.711860127815394
SASDCY9,partly disordered,0.3087906281723008,0,0.6560256508789247,0.781035986570263,0.7662586913377665,0.5884386469883405,0.46601941747572817,0.49411764705882355,0.626754438619334,0.25674872482562433
SASDD32,folded,0.7878707980077773,1,0.6776344972273983,0.5690034372211482,0.5966633892578145,0.4549413317383862,0.48286604361370716,0.46116504854368934,0.34997632881873836,0.2771590703566886
SASDD43,folded,0.3709759411861595,1,0.680018163174674,0.565770389627346,0.5723161433621852,0.5842333019717217,0.4617737003058104,0.41836734693877553,0.45299087701413476,0.44338547054504873
SASDD76,folded,0.26792435948778964,0,0.665881362271338,0.5854979769293724,0.5532408598462177,0.48858703408128396,0.475,0.4371859296482412,0.3383586944471827,0.45909109968597717
SASDD85,partly disordered,1.1039102641608296,1,0.6812417180168958,0.7779004698076938,0.8032428452370224,0.9656899288516072,0.4702194357366771,0.4891304347826087,0.48504895800199427,0.2993557076740119
SASDD95,folded,1.448345274283815,1,0.6812417180168958,0.5795962976751583,0.6587627471529842,0.9410692087348558,0.4702194357366771,0.4329896907216495,0.4388084838012523,0.6744279823832859
SASDDD8,folded,1.0731552151089927,1,0.6560256508789247,0.5275456004784724,0.5415064304749279,0.4423724865593698,0.46601941747572817,0.42328042328042326,0.39030314780359915,0.3330331451767563
SASDDD9,folded,1.257980512308804,1,0.680018163174674,0.565770389627346,0.6133438291509562,0.618412859244168,0.4617737003058104,0.41836734693877553,0.35103350176946463,0.5268081541488105
SASDDE3,partly disordered,1.5719022660858204,1,0.680018163174674,0.7724918161472266,0.6538326239263216,0.7499407927036688,0.4617737003058104,0.4842105263157895,0.32158492819531115,0.6939340174962535
SASDDE8,partly disordered,0.5844791508379134,0,0.6812417180168958,0.7779004698076938,0.7146124263500784,0.640914040244492,0.4702194357366771,0.4891304347826087,0.4188112232854591,0.48741630511994116
SASDDF5,folded,0.11706119497961225,0,0.6812417180168958,0.5795962976751583,0.5868738601194686,0.22004867186217028,0.4702194357366771,0.4329896907216495,0.48301687154707285,0.14907564004692891
SASDDF6,disordered,1.8419753825571679,1,0.665881362271338,0.9226662506055089,0.8078037775460432,0.9146419979682572,0.475,0.6428571428571429,0.5399027519448232,0.5778097360963071
SASDDJ2,folded,0.19828099936629845,0,0.680018163174674,0.565770389627346,0.5776791256897329,0.5975112755779646,0.4617737003058104,0.41836734693877553,0.41891213440616465,0.23210372500829868
SASDDK7,partly disordered,0.3991659871875454,0,0.6560256508789247,0.781035986570263,0.787195472540569,1.0555439028904425,0.46601941747572817,0.49411764705882355,0.6498758573547073,0.6282471691425052
SASDDL7,folded,1.3606698303928404,1,0.6560256508789247,0.5275456004784724,0.4929694166123194,0.7159673123907102,0.46601941747572817,0.42328042328042326,0.3275610315427905,0.39869313781747967
SASDDM6,folded,0.9469054174429505,1,0.6776344972273983,0.5690034372211482,0.6017422192863797,0.6898089535883586,0.48286604361370716,0.46116504854368934,0.4948297124025392,0.43575628606370054
SASDDR2,folded,0.05540438941042043,0,0.6776344972273983,0.5690034372211482,0.6392930409299827,0.5826771165380977,0.48286604361370716,0.46116504854368934,0.5377801839901766,0.5591821667846497
SASDDU2,folded,0.15795416613079985,0,0.6812417180168958,0.5795962976751583,0.6129688207652477,0.516608612584005,0.4702194357366771,0.4329896907216495,0.41995624122493613,0.26684621323748753
SASDDV2,folded,0.0326434549274056,0,0.6560256508789247,0.5275456004784724,0.5607714337300687,0.4802615096799439,0.46601941747572817,0.42328042328042326,0.48253941559491675,0.4417602855337075
SASDDX4,folded,0.07843118384656268,0,0.6812417180168958,0.5795962976751583,0.5480947130561638,0.6954374710014242,0.4702194357366771,0.4329896907216495,0.35943251467062837,0.489834402689623
SASDE27,folded,0.1221569869792736,0,0.6812417180168958,0.5795962976751583,0.4744334624247367,0.3097252557240058,0.4702194357366771,0.4329896907216495,0.37462876688528984,0.21215800893912012
SASDE34,folded,0.039105725034303956,0,0.6812417180168958,0.5795962976751583,0.48326222384883855,0.38725006799568557,0.4702194357366771,0.4329896907216495,0.342113068900215,0.4403252418168616
SASDE48,folded,0.7667045509417917,1,0.6812417180168958,0.5795962976751583,0.5255893796370543,0.2277652034486846,0.4702194357366771,0.4329896907216495,0.29776203457426237,0.2715933132812385
SASDE59,folded,0.4369510211426911,0,0.665881362271338,0.5854979769293724,0.66214545887824,0.7241547245961811,0.475,0.4371859296482412,0.3862081741343795,0.3991173239256509
SASDE79,folded,1.3723225521828522,1,0.6812417180168958,0.5795962976751583,0.6798727078901186,0.9600661351339073,0.4702194357366771,0.4329896907216495,0.5392730406234688,0.7906087302600767
SASDE93,folded,1.646941155039365,1,0.6776344972273983,0.5690034372211482,0.5550547567462326,0.4192576978758301,0.48286604361370716,0.46116504854368934,0.4353878279749846,0.6576184648331389
SASDEA9,folded,0.15004399235909477,0,0.6560256508789247,0.5275456004784724,0.6266694040198197,0.7208298500089464,0.46601941747572817,0.42328042328042326,0.5366799955099472,0.558291687118619
SASDEB3,disordered,0.7837248124437636,1,0.6776344972273983,1.0194518333650286,0.9237520585606852,0.5854849644613254,0.48286604361370716,0.625,0.7661841235372638,0.767695074525218
SASDEC3,disordered,0.5210164983695454,1,0.6560256508789247,1.046221393505259,1.1579618222223838,0.9537830189791004,0.46601941747572817,0.6285714285714286,0.6531813006834822,0.6656571655663762
SASDEC6,folded,0.8089258223635577,1,0.665881362271338,0.5854979769293724,0.6015058113117548,0.2810125744666045,0.475,0.4371859296482412,0.36166978412607753,0.42151819842058513
SASDEC9,folded,1.4659567208830722,1,0.665881362271338,0.5854979769293724,0.560088867463507,0.4809479912793326,0.475,0.4371859296482412,0.31996908553651443,0.12851123004687443
SASDED2,disordered,2.192070031966958,1,0.665881362271338,0.9226662506055089,0.8646451751909431,0.8447517443095617,0.475,0.6428571428571429,0.6600157353626956,0.462785184736393
SASDED9,folded,1.2509768133794479,1,0.6560256508789247,0.5275456004784724,0.5967472314443077,0.8517524113157521,0.46601941747572817,0.42328042328042326,0.43476077926746626,0.6468927288844919
SASDEE2,disordered,1.4305274722064256,1,0.680018163174674,1.058006123810334,0.8547303204481395,0.8374549469750365,0.4617737003058104,0.6388888888888888,0.6747528174755634,0.6206664001999705
SASDEE9,partly disordered,0.6364551776740486,1,0.6776344972273983,0.8154639382500893,0.6893395735090101,0.5878110338760509,0.48286604361370716,0.4819277108433735,0.5219532458142077,0.35950541469732794
SASDEJ3,partly disordered,1.052515895737393,1,0.680018163174674,0.7724918161472266,0.6677943136325448,0.8821179818557916,0.4617737003058104,0.4842105263157895,0.28917613631267747,0.5425796389147124
SASDEK2,disordered,0.1297176626743489,0,0.680018163174674,1.058006123810334,0.8014096831237584,1.1068206596649712,0.4617737003058104,0.6388888888888888,0.45710749782326143,0.7997870788597929
SASDEK4,folded,0.046638830536909745,0,0.6776344972273983,0.5690034372211482,0.550706315771289,0.22275779583805072,0.48286604361370716,0.46116504854368934,0.336927129811066,0.18954130405298933
SASDEK7,partly disordered,0.1620811262706307,0,0.665881362271338,0.7605729408702019,0.6258082085566852,0.5830457456627612,0.475,0.5053763440860215,0.49303263347645615,0.49570860863221267
SASDEL4,folded,0.021194875094758932,0,0.680018163174674,0.565770389627346,0.6619686721166782,0.9057871248773991,0.4617737003058104,0.41836734693877553,0.5698232724864418,0.7686057716047717
SASDEL6,folded,0.7567522112105395,0,0.6812417180168958,0.5795962976751583,0.6031373066989025,0.5069347445172596,0.4702194357366771,0.4329896907216495,0.35528412431642475,0.46301745443296505
SASDEQ7,folded,0.2798860866070232,0,0.6776344972273983,0.5690034372211482,0.6317675586050531,0.4879024044046829,0.48286604361370716,0.46116504854368934,0.517055153828351,0.8581463404534149
SASDET2,disordered,0.7549312330857391,1,0.6560256508789247,1.046221393505259,0.8442427073700396,1.1247813758536596,0.46601941747572817,0.6285714285714286,0.5933533706992812,0.5774559803067346
SASDET5,folded,1.828684743116687,1,0.6560256508789247,0.5275456004784724,0.5783100233023565,0.5600015117947336,0.46601941747572817,0.42328042328042326,0.4196335293519153,0.5625657656902988
SASDEW7,partly disordered,0.17874447435386814,0,0.6560256508789247,0.781035986570263,0.6664529479145128,0.7691345020652272,0.46601941747572817,0.49411764705882355,0.4237628165093596,0.4394964482183344
SASDEX2,disordered,0.24631655480752787,0,0.665881362271338,0.9226662506055089,0.8669588959642587,0.6890410450180904,0.475,0.6428571428571429,0.4090965384669583,0.42261280318433964
SASDEX4,disordered,0.01063975344638447,0,0.680018163174674,1.058006123810334,0.85654306697003,1.174330003609322,0.4617737003058104,0.6388888888888888,0.4794344836669951,0.3874888429397586
SASDEX6,partly disordered,0.9589150206133151,1,0.680018163174674,0.7724918161472266,0.6809093894308407,0.41394741699756793,0.4617737003058104,0.4842105263157895,0.45418835391200724,0.6425302127940714
SASDEY9,folded,0.37085262003526165,0,0.665881362271338,0.5854979769293724,0.642904154882868,0.5192841664558424,0.475,0.4371859296482412,0.3789711929253108,0.35745517356768775
SASDF27,disordered,0.7498926348502769,1,0.665881362271338,0.9226662506055089,0.8942883929272349,0.9303187010562246,0.475,0.6428571428571429,0.537770437948107,0.8725016650635242
SASDF34,disordered,1.0776419874887013,1,0.680018163174674,1.058006123810334,1.0136814323855567,0.7851018490286149,0.4617737003058104,0.6388888888888888,0.6946548781871532,0.3104572346585647
SASDF37,folded,0.8217316393896723,1,0.665881362271338,0.5854979769293724,0.44446749251757106,0.3645782615333854,0.475,0.4371859296482412,0.2578647365857755,0.3695260420929099
SASDF38,folded,1.8070414624603082,1,0.6776344972273983,0.5690034372211482,0.6281897736746976,0.9938259766479817,0.48286604361370716,0.46116504854368934,0.6429502595073308,0.8772208134132471
SASDF52,partly disordered,0.8907428151419456,1,0.6776344972273983,0.8154639382500893,0.7510981514217858,0.6121249770056881,0.48286604361370716,0.4819277108433735,0.44325580757351685,0.4837892338710117
SASDF53,folded,0.10944330306692036,0,0.6560256508789247,0.5275456004784724,0.47220534599624603,0.2902206734474166,0.46601941747572817,0.42328042328042326,0.3919695311840426,0.2406355477160115
SASDF65,folded,0.34930626492972017,0,0.680018163174674,0.565770389627346,0.6426125943096358,0.44546020634354627,0.4617737003058104,0.41836734693877553,0.42966804643697337,0.41047057881008053
SASDFD3,folded,0.6653704690351006,0,0.6776344972273983,0.5690034372211482,0.6582652617493966,0.5784496318557376,0.48286604361370716,0.46116504854368934,0.5652727005413425,0.4774484366218668
SASDFG8,folded,0.020950758364912402,0,0.680018163174674,0.565770389627346,0.5466662204145274,0.21252841509879025,0.4617737003058104,0.41836734693877553,0.3940311745267047,0.33839025429002095
SASDFJ8,folded,0.09060856291048479,0,0.6812417180168958,0.5795962976751583,0.5961960252661569,0.5302078144957774,0.4702194357366771,0.4329896907216495,0.4163459163544501,0.30763256742905265
SASDFK8,partly disordered,1.7928022412757159,1,0.665881362271338,0.7605729408702019,0.8250870287176695,0.7434989153802433,0.475,0.5053763440860215,0.5037565191132866,0.6037675199936802
SASDFP4,folded,0.025819828831021487,0,0.665881362271338,0.5854979769293724,0.6183234479221785,0.12682784721217516,0.475,0.4371859296482412,0.4133544487647093,0.31902753032248976
SASDFP8,folded,0.05605307740181351,0,0.6812417180168958,0.5795962976751583,0.5397219397435727,0.1893414492326304,0.4702194357366771,0.4329896907216495,0.3983817821030048,0.05542024916245088
SASDFU7,folded,0.1340913864031215,0,0.665881362271338,0.5854979769293724,0.6645304608698217,0.9985995053002877,0.475,0.4371859296482412,0.4439532668096782,0.6585070029954493
SASDFY7,folded,0.04728278796226752,0,0.6812417180168958,0.5795962976751583,0.5725560638889675,0.36942204252389943,0.4702194357366771,0.4329896907216495,0.3665222573666673,0.33099856376663067
SASDG45,partly disordered,0.9775223933512978,1,0.6776344972273983,0.8154639382500893,0.6592317011300495,0.5543551485773078,0.48286604361370716,0.4819277108433735,0.3515823703344226,0.4721038623503835
SASDGA5,folded,0.21805154947776542,0,0.6776344972273983,0.5690034372211482,0.5746515843994119,0.32683352361942747,0.48286604361370716,0.46116504854368934,0.4694335348722956,0.30630217585818864
SASDGB5,folded,2.3833353688713856,1,0.6560256508789247,0.5275456004784724,0.5619750818130022,0.4214562004615674,0.46601941747572817,0.42328042328042326,0.43108305330575053,0.3435415367173194
SASDGD2,folded,0.09751823062647304,0,0.6812417180168958,0.5795962976751583,0.549471655896332,0.2961759534684331,0.4702194357366771,0.4329896907216495,0.3877985588283618,0.21770025915439797
SASDGD6,folded,0.019611644203381184,0,0.680018163174674,0.565770389627346,0.5916118547450442,0.5713847600453732,0.4617737003058104,0.41836734693877553,0.3429761718819276,0.3907278565843056
SASDGG2,folded,0.07831604945640683,0,0.6560256508789247,0.5275456004784724,0.6488578782328633,0.9737509121698884,0.46601941747572817,0.42328042328042326,0.5185203993005651,0.6478408197652296
SASDGP5,partly disordered,0.8735082696339896,1,0.6776344972273983,0.8154639382500893,0.7092320863647744,0.6716129795653165,0.48286604361370716,0.4819277108433735,0.5070086349292899,0.7353141341649275
SASDGQ9,partly disordered,0.1880207865437612,0,0.680018163174674,0.7724918161472266,0.666363195731205,0.5503537931894037,0.4617737003058104,0.4842105263157895,0.4659564230351842,0.511439876710271
SASDGR2,folded,0.38301759514233874,1,0.665881362271338,0.5854979769293724,0.4703904298726807,0.5344354441842597,0.475,0.4371859296482412,0.3465152105523399,0.43898342377947763
SASDGX4,folded,0.26108400296536405,0,0.6560256508789247,0.5275456004784724,0.5755352754814659,0.5591570962513343,0.46601941747572817,0.42328042328042326,0.47423205524762974,0.6854943985141159
SASDGZ5,partly disordered,1.1846124027254918,1,0.680018163174674,0.7724918161472266,0.7088625269801537,1.2873876995583993,0.4617737003058104,0.4842105263157895,0.40925764520174307,0.5003284540822569
SASDH24,folded,1.5116518296668493,1,0.6560256508789247,0.5275456004784724,0.5370684903903815,0.7716820745739951,0.46601941747572817,0.42328042328042326,0.4370952968783997,0.5788287405095015
SASDH25,partly disordered,0.6378159332980958,1,0.680018163174674,0.7724918161472266,0.7000767089856441,0.7315776136934726,0.4617737003058104,0.4842105263157895,0.41152516351893537,0.5652010196503227
SASDH33,partly disordered,1.1185984243477918,0,0.680018163174674,0.7724918161472266,0.7286523761194479,0.5092842431572094,0.4617737003058104,0.4842105263157895,0.3929206682859096,0.457417533637278
SASDH34,folded,0.9022672882392351,1,0.6560256508789247,0.5275456004784724,0.6536805703951193,0.9260205399061113,0.46601941747572817,0.42328042328042326,0.4131180286237904,0.5749222165429523
SASDH64,folded,0.06668870614101688,0,0.665881362271338,0.5854979769293724,0.4042476532673532,0.37337986335569473,0.475,0.4371859296482412,0.2896122474284767,0.43291749045177974
SASDH65,partly disordered,0.8631306254774356,0,0.6560256508789247,0.781035986570263,0.917906193720659,1.073952278750085,0.46601941747572817,0.49411764705882355,0.5409820718185356,0.6545624058526948
SASDH84,folded,0.3675437710106917,0,0.6560256508789247,0.5275456004784724,0.5504026485320573,0.45354552303781887,0.46601941747572817,0.42328042328042326,0.43809194443120114,0.41240484897571617
SASDH95,partly disordered,0.7396071556291167,0,0.6560256508789247,0.781035986570263,0.8428598445042342,0.9423582142355197,0.46601941747572817,0.49411764705882355,0.44585692107065616,0.5831334861692477
SASDHC9,partly disordered,0.39418757973142476,0,0.6776344972273983,0.8154639382500893,0.7802321681548172,0.8453817029839535,0.48286604361370716,0.4819277108433735,0.8151744802575993,0.7473053101875331
SASDHF8,partly disordered,0.5938733185493715,0,0.665881362271338,0.7605729408702019,0.5305921241416007,0.4962876791051186,0.475,0.5053763440860215,0.04701296756572397,0.16557836944038318
SASDHG4,folded,0.518741866279671,0,0.6560256508789247,0.5275456004784724,0.6123063708670153,0.8996204312003859,0.46601941747572817,0.42328042328042326,0.3435064379719393,0.5192304894430063
SASDHG9,folded,0.13159864266423746,0,0.6812417180168958,0.5795962976751583,0.580072350983778,0.25207864009848013,0.4702194357366771,0.4329896907216495,0.3665626613940197,0.3304491707008596
SASDHN7,folded,0.246272999150501,0,0.680018163174674,0.565770389627346,0.5741257329260752,0.746495919294668,0.4617737003058104,0.41836734693877553,0.3333328313490449,0.4687457490803414
SASDHP4,folded,0.16812345716854177,0,0.6776344972273983,0.5690034372211482,0.584007567228812,0.3146751475039865,0.48286604361370716,0.46116504854368934,0.49583035670725983,0.49083563545692493
SASDHP7,folded,0.2533738813217423,0,0.6776344972273983,0.5690034372211482,0.5523532976816622,0.20850443438662059,0.48286604361370716,0.46116504854368934,0.3760162757282048,0.1553957693911495
SASDHS8,folded,0.15162354497469702,0,0.6560256508789247,0.5275456004784724,0.6502361459830713,0.7437406016075687,0.46601941747572817,0.42328042328042326,0.41665793455557526,0.74590784391439
SASDHV4,partly disordered,0.186914000130416,0,0.6776344972273983,0.8154639382500893,0.7406453849770568,0.7852510409165585,0.48286604361370716,0.4819277108433735,0.506068272591666,0.5420728961789535
SASDJ29,folded,0.11095379662005131,0,0.665881362271338,0.5854979769293724,0.5837894581408392,0.5531401203875951,0.475,0.4371859296482412,0.3655620511831839,0.5341666357519391
SASDJ63,folded,0.3792535068329244,0,0.665881362271338,0.5854979769293724,0.5586863675109237,0.5256314143034685,0.475,0.4371859296482412,0.4464700945575268,0.26050671628363437
SASDJ83,partly disordered,0.07412927800207758,0,0.665881362271338,0.7605729408702019,0.5844003291623507,0.8749271685786273,0.475,0.5053763440860215,0.4832456924844752,0.31425931722228434
SASDJ84,folded,2.0498697370307184,1,0.6560256508789247,0.5275456004784724,0.5823127612732982,0.7262815934598007,0.46601941747572817,0.42328042328042326,0.44438934230490434,0.2592089271861706
SASDJ86,partly disordered,0.44694661518425743,0,0.6560256508789247,0.781035986570263,0.8249253722427293,0.7679195541337145,0.46601941747572817,0.49411764705882355,0.5907878881940198,0.5230376864058232
SASDJ93,folded,0.11640217222827003,0,0.6812417180168958,0.5795962976751583,0.5648784974262335,0.5648785052463139,0.4702194357366771,0.4329896907216495,0.5301486120516058,0.29435588321985434
SASDJ94,folded,0.4205250038123488,0,0.6560256508789247,0.5275456004784724,0.5695866859818653,0.40906380117594465,0.46601941747572817,0.42328042328042326,0.4435364063273414,0.3245595664454011
SASDJA4,folded,0.6030265787964769,1,0.665881362271338,0.5854979769293724,0.5699870012663162,0.3695942224403697,0.475,0.4371859296482412,0.41515193169566017,0.22400246143020416
SASDJA5,folded,0.9048892601908394,1,0.6776344972273983,0.5690034372211482,0.6161382047593006,0.5498051989608441,0.48286604361370716,0.46116504854368934,0.44892322986462074,0.36113697402659606
SASDJB2,folded,0.14319906582983713,0,0.6776344972273983,0.5690034372211482,0.5932957691625695,0.3080161336946132,0.48286604361370716,0.46116504854368934,0.41946535828875453,0.2718898296266108
SASDJB9,partly disordered,0.01123025925196083,0,0.680018163174674,0.7724918161472266,0.6218594235461697,0.8396386046072082,0.4617737003058104,0.4842105263157895,0.20470822107769507,0.26583335250172485
SASDJC4,folded,0.41369234021276874,1,0.665881362271338,0.5854979769293724,0.6120853266928851,0.6102030883842327,0.475,0.4371859296482412,0.4476440674419285,0.35261394506343274
SASDJD6,folded,1.8379976257076098,1,0.680018163174674,0.565770389627346,0.6670294522637477,0.9968044204998971,0.4617737003058104,0.41836734693877553,0.49815596547169694,0.3403849184388506
SASDJE2,partly disordered,0.830826237695777,0,0.6560256508789247,0.781035986570263,0.6993578866602708,1.0512892813424597,0.46601941747572817,0.49411764705882355,0.3918478031927519,0.34256042416782895
SASDJE4,folded,0.20336517516329097,0,0.680018163174674,0.565770389627346,0.5270940731735783,0.4232705244317141,0.4617737003058104,0.41836734693877553,0.4147397435861322,0.2612647007789507
SASDJF5,folded,0.47272542699006087,1,0.6560256508789247,0.5275456004784724,0.5148847341660595,0.42951672909022637,0.46601941747572817,0.42328042328042326,0.3992554247064144,0.44083470894459925
SASDJF6,partly disordered,0.7706322511160499,1,0.6560256508789247,0.781035986570263,0.7950104248001715,0.8142644410313702,0.46601941747572817,0.49411764705882355,0.6613356135335099,0.27811338343043157
SASDJG2,partly disordered,0.4133549347269967,0,0.680018163174674,0.7724918161472266,0.7600671862486437,0.9276127901526572,0.4617737003058104,0.4842105263157895,0.3987385392792843,0.7804530262543872
SASDJG4,folded,0.38160858926310187,1,0.680018163174674,0.565770389627346,0.5964442939361668,0.37748227068506196,0.4617737003058104,0.41836734693877553,0.40308029927781974,0.1708192354461925
SASDJG6,disordered,1.0923360476882917,1,0.6560256508789247,1.046221393505259,0.8575169641659276,0.6465832820622602,0.46601941747572817,0.6285714285714286,0.5329411327026364,0.5635083850246316
SASDJH6,disordered,1.6098060671430097,1,0.6560256508789247,1.046221393505259,0.7686746188244802,0.7810881313596655,0.46601941747572817,0.6285714285714286,0.4883462250420299,0.5137693157398271
SASDJJ4,folded,0.01575006081262971,0,0.665881362271338,0.5854979769293724,0.5418150253606673,0.3942005411371702,0.475,0.4371859296482412,0.4233528490493887,0.456256918266298
SASDJJ6,disordered,1.5695005523532126,1,0.6812417180168958,1.0093206992757955,1.0004824881385805,0.6908891829212769,0.4702194357366771,0.6363636363636364,0.7898205775229619,0.25898240436501296
SASDJK6,disordered,2.2105364939955683,1,0.6812417180168958,1.0093206992757955,0.9678701894468149,1.0905561459014412,0.4702194357366771,0.6363636363636364,0.8247363906390748,0.8383572011991466
SASDJL9,folded,0.18687523845498633,0,0.680018163174674,0.565770389627346,0.633517789329437,0.7353612523337794,0.4617737003058104,0.41836734693877553,0.44771942900111533,0.37127406143074715
SASDJM2,folded,1.4931565503941469,1,0.6776344972273983,0.5690034372211482,0.697811250315008,0.8779783147135914,0.48286604361370716,0.46116504854368934,0.6796873683992505,0.6564791984558376
SASDJM5,partly disordered,0.9700175418964464,1,0.6560256508789247,0.781035986570263,0.8253447452097717,1.0591177994138958,0.46601941747572817,0.49411764705882355,0.4896714529990356,0.7724398952287006
SASDJN5,folded,0.5278401153631234,0,0.6812417180168958,0.5795962976751583,0.6107773297114937,0.6115161659138105,0.4702194357366771,0.4329896907216495,0.39482318872063765,0.5380463729947252
SASDJP5,folded,0.0858337012944967,0,0.6812417180168958,0.5795962976751583,0.5820121031306582,0.8744009063945833,0.4702194357366771,0.4329896907216495,0.4866210490723376,0.43688859647782113
SASDJR3,folded,-0.0067901593190975865,0,0.680018163174674,0.565770389627346,0.6040635516356316,0.5537231712095814,0.4617737003058104,0.41836734693877553,0.4445677817284624,0.3568288423244079
SASDJT3,disordered,0.5937483087267627,1,0.6776344972273983,1.0194518333650286,0.8490966883748544,1.0891221152899204,0.48286604361370716,0.625,0.5577570281631745,0.6929001721738112
SASDJT7,disordered,1.3997450511426068,1,0.6776344972273983,1.0194518333650286,0.9981696774916422,0.8970388124471339,0.48286604361370716,0.625,0.7707481637040123,0.7745868421385549
SASDJX3,partly disordered,1.3160934222096397,1,0.680018163174674,0.7724918161472266,0.7245411650072975,0.8381663183278013,0.4617737003058104,0.4842105263157895,0.32983371726717936,0.45351903434302376
SASDJX7,folded,1.2888416008029984,1,0.680018163174674,0.565770389627346,0.6340863475202916,0.3907391430684208,0.4617737003058104,0.41836734693877553,0.3858705882666814,0.2756849722353768
SASDJY2,folded,0.07610581065985972,0,0.6776344972273983,0.5690034372211482,0.613009160375804,0.7654818258541902,0.48286604361370716,0.46116504854368934,0.4279990116846248,0.6468421710850614
SASDJZ6,folded,0.5690957256752012,1,0.6560256508789247,0.5275456004784724,0.5818556880808062,0.41113217136959823,0.46601941747572817,0.42328042328042326,0.41353086747691103,0.2579827230026207
SASDK42,folded,1.2114370106871781,1,0.6776344972273983,0.5690034372211482,0.6473588599124414,0.607349300334888,0.48286604361370716,0.46116504854368934,0.49000354322711176,0.7043371383371247
SASDK56,folded,0.12571192702336034,0,0.6560256508789247,0.5275456004784724,0.4368159944157588,0.21210748046924713,0.46601941747572817,0.42328042328042326,0.36195262192514444,0.27938863888584925
SASDK68,disordered,0.7310215102889913,1,0.6812417180168958,1.0093206992757955,1.078855825520508,1.0873803932531936,0.4702194357366771,0.6363636363636364,0.5163465018525939,0.5166011649443131
SASDK76,folded,0.02204976587239616,0,0.665881362271338,0.5854979769293724,0.5687357869488419,0.00951156431842375,0.475,0.4371859296482412,0.38372700302049984,0.21941540806563045
SASDK92,folded,1.6257596920872293,1,0.680018163174674,0.565770389627346,0.5959507287507534,0.7372162428732596,0.4617737003058104,0.41836734693877553,0.3381080935460067,0.4173209233897034
SASDKH8,disordered,0.6795542626539254,0,0.6776344972273983,1.0194518333650286,0.9578287494400455,1.3966099478077474,0.48286604361370716,0.625,0.668598704388046,0.7881692258865063
SASDKK2,partly disordered,1.1409341409079574,1,0.665881362271338,0.7605729408702019,0.8018963712030744,1.1393940364359698,0.475,0.5053763440860215,0.6076855166526302,0.5012399100272104
SASDKK9,folded,0.700131162802117,1,0.665881362271338,0.5854979769293724,0.5851952422827628,0.6383111340182922,0.475,0.4371859296482412,0.2961576782258896,0.36294369429099216
SASDKQ3,partly disordered,1.5255700902681213,1,0.6776344972273983,0.8154639382500893,0.8416286042242581,0.8380133518166737,0.48286604361370716,0.4819277108433735,0.5076083549805743,0.5750774426246898
SASDKU8,partly disordered,1.2998853765907552,1,0.6812417180168958,0.7779004698076938,0.7154796294000113,0.8294784646882526,0.4702194357366771,0.4891304347826087,0.523582895375423,0.7413976869051189
SASDKV7,folded,0.016907724543527833,0,0.6812417180168958,0.5795962976751583,0.6028469992400118,0.3552204226249838,0.4702194357366771,0.4329896907216495,0.5205762635089626,0.44976695798424904
SASDKX6,partly disordered,0.827229916863289,1,0.6560256508789247,0.781035986570263,0.7665140668213029,0.8690891568056467,0.46601941747572817,0.49411764705882355,0.6474398040681051,0.785838237209374
SASDL26,folded,0.5807859164779281,1,0.6812417180168958,0.5795962976751583,0.6570076450532787,0.911103475140188,0.4702194357366771,0.4329896907216495,0.5570713389871932,0.37433120475796694
SASDL49,partly disordered,1.022929705057891,1,0.6776344972273983,0.8154639382500893,0.8617780734076483,1.157729770984134,0.48286604361370716,0.4819277108433735,0.7200462399867296,0.8408174947279607
SASDL62,partly disordered,0.446381263465436,1,0.6776344972273983,0.8154639382500893,0.7528246262593086,0.9518754234977526,0.48286604361370716,0.4819277108433735,0.5619600749925664,0.6940733264080395
SASDLA5,folded,0.10454084809456832,0,0.665881362271338,0.5854979769293724,0.4862620760102012,0.33010808606411735,0.475,0.4371859296482412,0.3619502187356195,0.3059315150742413
SASDLB7,folded,0.3510124220586785,0,0.6560256508789247,0.5275456004784724,0.7253302513881019,0.8872522847997533,0.46601941747572817,0.42328042328042326,0.40172362567438563,0.5221195147377751
SASDLF3,partly disordered,1.3544205174004935,1,0.6812417180168958,0.7779004698076938,0.8715054180728249,0.9429711364993789,0.4702194357366771,0.4891304347826087,0.7864815342329478,0.836086761075546
SASDLF9,disordered,1.0874658505082295,1,0.665881362271338,0.9226662506055089,0.9195281933455061,1.1291463080007533,0.475,0.6428571428571429,0.6113572114189546,0.8173713267128341
SASDLH9,partly disordered,2.8014813169569264,1,0.665881362271338,0.7605729408702019,0.6110997117535161,0.2694624326210841,0.475,0.5053763440860215,0.23826916391333847,0.09575832292893335
SASDLJ9,disordered,2.766488466918809,1,0.665881362271338,0.9226662506055089,0.5956549170874783,0.6137732487257056,0.475,0.6428571428571429,0.30664185445635983,0.07303853303870664
SASDLK9,disordered,0.9488128582171224,0,0.665881362271338,0.9226662506055089,1.0943014391674337,1.0142147739795702,0.475,0.6428571428571429,0.9335115551273694,0.522376432408255
SASDLM9,folded,0.3118446548451057,0,0.6776344972273983,0.5690034372211482,0.6637812918966051,0.6588104519326476,0.48286604361370716,0.46116504854368934,0.6084225491870762,0.6559673349279974
SASDLQ3,folded,-0.1066852125531488,0,0.6812417180168958,0.5795962976751583,0.5677290980788651,0.19789665441770057,0.4702194357366771,0.4329896907216495,0.3530995880313782,0.18827895677365114
SASDLR9,folded,0.053242422461407805,0,0.6776344972273983,0.5690034372211482,0.6756276767638811,0.6220505325562827,0.48286604361370716,0.46116504854368934,0.6637617473400814,0.6644814878079854
SASDLS4,disordered,1.5539447210318023,1,0.665881362271338,0.9226662506055089,0.9934547201252719,1.040477325765503,0.475,0.6428571428571429,0.7924906915765793,0.8670132597350731
SASDLT4,disordered,0.9308312181515385,1,0.665881362271338,0.9226662506055089,1.0761279809802415,1.0178717696404416,0.475,0.6428571428571429,0.9165561988442975,0.5339983095178665
SASDM43,folded,0.3768017710543534,0,0.665881362271338,0.5854979769293724,0.5023585768903466,0.4721906232578571,0.475,0.4371859296482412,0.3086000838121852,0.3676528960474211
SASDM53,folded,0.2105009139184927,0,0.665881362271338,0.5854979769293724,0.5779284108669218,0.5414941713061509,0.475,0.4371859296482412,0.37949501548688863,0.39482626602175763
SASDM55,folded,0.5935129495765799,1,0.6812417180168958,0.5795962976751583,0.5158636385532831,0.6419554218679994,0.4702194357366771,0.4329896907216495,0.48285671610589675,0.19066201684603773
SASDM65,partly disordered,0.6371241867269155,0,0.6812417180168958,0.7779004698076938,0.8267968719452188,1.1611135518076992,0.4702194357366771,0.4891304347826087,0.7792821813564569,0.7889800426268151
SASDM75,folded,0.9415042742791894,1,0.680018163174674,0.565770389627346,0.5815313133868489,0.25040156264283625,0.4617737003058104,0.41836734693877553,0.33850583867266126,0.41182068487412027
SASDM82,folded,0.024065581502918362,0,0.6812417180168958,0.5795962976751583,0.49477131370605554,0.11178961039692152,0.4702194357366771,0.4329896907216495,0.21375589148087645,0.07390949178474464
SASDM97,folded,0.43691324245645335,1,0.6812417180168958,0.5795962976751583,0.6224330769533889,0.7947028247012176,0.4702194357366771,0.4329896907216495,0.3606522581818234,0.4050879566907489
SASDMA5,folded,0.010816339149917356,0,0.665881362271338,0.5854979769293724,0.3875945195017029,0.2960978913394892,0.475,0.4371859296482412,0.16687217508154484,0.31402940275185287
SASDMC9,partly disordered,0.05249150688792126,0,0.665881362271338,0.7605729408702019,0.7340388713317095,1.0345557687718352,0.475,0.5053763440860215,0.5036879604901464,0.7164681717727363
SASDMQ2,folded,0.1528687571892323,0,0.6776344972273983,0.5690034372211482,0.7858217198802204,1.0903957795642056,0.48286604361370716,0.46116504854368934,0.8507634725436068,0.7922320244223139
SASDMQ9,folded,1.411345052678086,1,0.6776344972273983,0.5690034372211482,0.6774120491164332,1.067919326002431,0.48286604361370716,0.46116504854368934,0.6712383106445899,0.8076917166086084
SASDMR3,folded,0.13725019776992975,0,0.6776344972273983,0.5690034372211482,0.5720038991609777,0.3547957615800732,0.48286604361370716,0.46116504854368934,0.36943510974867605,0.2779302826896052
SASDMS3,folded,0.0989331581725971,0,0.680018163174674,0.565770389627346,0.6309561018207761,0.4518087005402448,0.4617737003058104,0.41836734693877553,0.47545399674328775,0.1748994905771666
SASDMS4,folded,0.24854774529075516,0,0.6560256508789247,0.5275456004784724,0.634266679873656,0.5984931623331425,0.46601941747572817,0.42328042328042326,0.48951300446146195,0.5144187026834015
SASDMT5,partly disordered,0.2782692261040622,0,0.6560256508789247,0.781035986570263,0.9319333359466933,0.9081721422072423,0.46601941747572817,0.49411764705882355,0.6111631480614379,0.530896724050346
SASDMT7,folded,0.1873043360218827,0,0.680018163174674,0.565770389627346,0.5762758646329105,0.19134166283554763,0.4617737003058104,0.41836734693877553,0.410371640719712,0.12585491181530276
SASDMU6,partly disordered,0.2515101361088373,0,0.680018163174674,0.7724918161472266,0.6873758978602348,0.8064662539548126,0.4617737003058104,0.4842105263157895,0.512269030692065,0.5102807193028168
SASDMV6,folded,0.49260641332420996,0,0.6776344972273983,0.5690034372211482,0.6277832867675684,1.1079812161265226,0.48286604361370716,0.46116504854368934,0.5544338789480557,0.7715781661012298
SASDMX9,folded,0.7158974502551151,0,0.680018163174674,0.565770389627346,0.599020768922021,0.5117678462519311,0.4617737003058104,0.41836734693877553,0.4703248445310761,0.5766457396616165
SASDMY9,folded,0.13712416576736042,0,0.6560256508789247,0.5275456004784724,0.561683042142493,0.47800435451872053,0.46601941747572817,0.42328042328042326,0.46983106007348135,0.41122576095875846
SASDN65,folded,0.6681215747511052,0,0.6776344972273983,0.5690034372211482,0.5659890853001075,0.4869556510663503,0.48286604361370716,0.46116504854368934,0.47982420541544324,0.3530845670648224
SASDN68,folded,0.9843550262692657,1,0.6812417180168958,0.5795962976751583,0.5533507016995569,0.7101915850412346,0.4702194357366771,0.4329896907216495,0.3654617168384152,0.44063717097693417
SASDN73,folded,0.1213636012766444,0,0.665881362271338,0.5854979769293724,0.5286857682919943,0.2198035955845459,0.475,0.4371859296482412,0.39291812844423196,0.23294353481114824
SASDNB2,folded,0.6652522904761909,1,0.680018163174674,0.565770389627346,0.588504293747429,0.61189467751938,0.4617737003058104,0.41836734693877553,0.3335843489454893,0.3117012432092681
SASDNB7,folded,0.024812565161528344,0,0.680018163174674,0.565770389627346,0.565561919394057,0.5320251619152843,0.4617737003058104,0.41836734693877553,0.3532876939822335,0.5864873368937904
SASDNB8,partly disordered,0.15344708816312053,0,0.6560256508789247,0.781035986570263,0.7694113041618166,0.9453572321357274,0.46601941747572817,0.49411764705882355,0.4923622914501077,0.6669342567799684
SASDNC7,folded,1.374326850291818,0,0.6776344972273983,0.5690034372211482,0.6570606333608046,1.4673249673365765,0.48286604361370716,0.46116504854368934,0.4065500059997936,0.6735872625754726
SASDND2,folded,0.5004127635719609,1,0.6776344972273983,0.5690034372211482,0.5558048837557265,0.3022190790718142,0.48286604361370716,0.46116504854368934,0.3934842874030871,0.47595795588862333
SASDNG9,folded,1.9362727426434787,1,0.6812417180168958,0.5795962976751583,0.5957293705898115,0.5243098546760737,0.4702194357366771,0.4329896907216495,0.41772264126962155,0.34937966489230604
SASDNK8,folded,0.10648000475404253,0,0.665881362271338,0.5854979769293724,0.7282423965960813,0.8679125673357445,0.475,0.4371859296482412,0.4768535166759842,0.5797978698014845
SASDNL5,folded,0.23844248254755931,0,0.6560256508789247,0.5275456004784724,0.523411474179827,0.23772011381502384,0.46601941747572817,0.42328042328042326,0.40463007397771383,0.1834774928830267
SASDNL8,folded,0.03821941275054658,0,0.665881362271338,0.5854979769293724,0.6803274060667021,0.9830446653658576,0.475,0.4371859296482412,0.5235579282831042,0.6311258771845603
SASDNM3,folded,0.3827848826117983,1,0.680018163174674,0.565770389627346,0.6028791761341965,0.4417259051576632,0.4617737003058104,0.41836734693877553,0.556243222461456,0.6184184169821626
SASDNM8,partly disordered,0.30941196119847114,0,0.6776344972273983,0.8154639382500893,0.6433713845905585,0.6915252928278423,0.48286604361370716,0.4819277108433735,0.3148893250772876,0.3191093873736933
SASDNM9,folded,0.6767498385495226,1,0.665881362271338,0.5854979769293724,0.5468903321525191,0.6304987808885645,0.475,0.4371859296482412,0.3630066620116575,0.4277597591373779
SASDNQ9,folded,0.6375198727888629,1,0.665881362271338,0.5854979769293724,0.6483216139097123,0.5891475308526495,0.475,0.4371859296482412,0.34329397962563646,0.6314156476133643
SASDNS3,partly disordered,1.3265176420932472,1,0.6560256508789247,0.781035986570263,0.873327596705707,0.7845310858359383,0.46601941747572817,0.49411764705882355,0.6942780148136024,0.7591933904150631
SASDNS9,folded,0.36656635338808674,1,0.6812417180168958,0.5795962976751583,0.6577312729587247,0.8498595976076679,0.4702194357366771,0.4329896907216495,0.3965548536311696,0.6044248209760098
SASDNW2,folded,2.242549867191943,1,0.6776344972273983,0.5690034372211482,0.6921265563442985,0.6672031586388957,0.48286604361370716,0.46116504854368934,0.5148670756738368,0.7310799320075759
SASDNW9,folded,0.11439575328977353,0,0.665881362271338,0.5854979769293724,0.6045315244849806,0.2113707436955253,0.475,0.4371859296482412,0.4188035584693826,0.15754446057542087
SASDNY9,folded,0.29528639568843856,0,0.6812417180168958,0.5795962976751583,0.5483813145492237,0.38629509237009935,0.4702194357366771,0.4329896907216495,0.4659160429775827,0.17686976227019238
SASDP28,folded,0.14062551804230441,0,0.6560256508789247,0.5275456004784724,0.5487235748065633,0.2696412469153713,0.46601941747572817,0.42328042328042326,0.4440579937548439,0.27411630824473376
SASDP64,partly disordered,-0.010794376437412568,0,0.6812417180168958,0.7779004698076938,0.7117096892954627,0.7188075464489162,0.4702194357366771,0.4891304347826087,0.41204308741052637,0.3447663062096521
SASDP89,folded,0.1348946490098405,0,0.665881362271338,0.5854979769293724,0.6228953937504041,0.6121750635766665,0.475,0.4371859296482412,0.516807159194067,0.41786817329358655
SASDP98,partly disordered,0.39765071595640067,1,0.6812417180168958,0.7779004698076938,0.6586425348780257,0.5278119889782041,0.4702194357366771,0.4891304347826087,0.41784422045037123,0.5063768331533386
SASDPA8,folded,1.8871345755093492,1,0.665881362271338,0.5854979769293724,0.5946096076266103,0.830057034514697,0.475,0.4371859296482412,0.4603218886672417,0.4908936784961299
SASDPB6,folded,0.9845014267264388,1,0.680018163174674,0.565770389627346,0.6457095682009327,0.9146424572350021,0.4617737003058104,0.41836734693877553,0.5431349471780189,0.6910449980349264
SASDPC7,folded,0.13154040633113126,0,0.6812417180168958,0.5795962976751583,0.590505287359043,0.9722614089084078,0.4702194357366771,0.4329896907216495,0.49108544896127043,0.58262618361782
SASDPD7,partly disordered,1.275014391748536,1,0.6812417180168958,0.7779004698076938,0.6833612317381019,0.897546231258862,0.4702194357366771,0.4891304347826087,0.5421512559411154,0.6246366364906788
SASDPJ4,folded,0.2669930585896284,0,0.680018163174674,0.565770389627346,0.5778710084917615,0.36533489429799476,0.4617737003058104,0.41836734693877553,0.4611625800394379,0.22957994345497967
SASDPK4,partly disordered,0.6730260498116025,0,0.6776344972273983,0.8154639382500893,0.7230553889788771,0.9430836000448167,0.48286604361370716,0.4819277108433735,0.31605056559555256,0.41214856329245086
SASDPL2,folded,0.34113526318363546,0,0.6560256508789247,0.5275456004784724,0.6243464680153741,1.0604282405604586,0.46601941747572817,0.42328042328042326,0.34496680516885614,0.24366757039202935
SASDPW6,folded,0.7272338358224619,1,0.6812417180168958,0.5795962976751583,0.5786428119325647,0.5436988258926421,0.4702194357366771,0.4329896907216495,0.40678027552779594,0.32625905208950556
SASDPW7,folded,0.04316939935208403,0,0.680018163174674,0.565770389627346,0.6003937524459471,0.18753197829131776,0.4617737003058104,0.41836734693877553,0.4237181538036371,0.08455827565810592
SASDPY2,folded,0.965714525877272,1,0.665881362271338,0.5854979769293724,0.6758039395851836,0.832163048758666,0.475,0.4371859296482412,0.4536723286933065,0.4862341541974732
SASDQ26,disordered,1.1367602551422906,1,0.665881362271338,0.9226662506055089,0.7086664819529381,0.7498065272124287,0.475,0.6428571428571429,0.19655612229458888,0.7291880437167344
SASDQ28,folded,0.04779108910186951,0,0.680018163174674,0.565770389627346,0.6060151736025851,0.7396662930443835,0.4617737003058104,0.41836734693877553,0.4145070429361058,0.2865758023571067
SASDQ59,folded,-0.058396365320673105,0,0.6776344972273983,0.5690034372211482,0.6072949310156747,0.4228724272126124,0.48286604361370716,0.46116504854368934,0.3797193221081675,0.32842725723181254
SASDQ97,folded,0.9079077555841537,1,0.6560256508789247,0.5275456004784724,0.5858531605090078,0.48381610877647824,0.46601941747572817,0.42328042328042326,0.47085023387478364,0.45989396958459283
SASDQ98,folded,0.6483361543210661,1,0.665881362271338,0.5854979769293724,0.5084928368394923,0.5375000104618697,0.475,0.4371859296482412,0.3763543379050206,0.6099143165821636
SASDQB5,folded,0.21266524128011347,0,0.6812417180168958,0.5795962976751583,0.6555573932016212,0.4251577786417995,0.4702194357366771,0.4329896907216495,0.4541593724402349,0.6027714131070039
SASDQC5,folded,1.022830485244578,1,0.6776344972273983,0.5690034372211482,0.5926779530539663,0.4412029587114213,0.48286604361370716,0.46116504854368934,0.4548023818056772,0.26104317947842687
SASDQC9,folded,0.567498291872378,1,0.6560256508789247,0.5275456004784724,0.5889850586022392,0.6771366715814466,0.46601941747572817,0.42328042328042326,0.5241567559461713,0.46460710147036216
SASDQD9,folded,0.08064053086818537,0,0.6560256508789247,0.5275456004784724,0.5229672977477744,0.865619421793909,0.46601941747572817,0.42328042328042326,0.3509105967095274,0.23786322812752964
SASDQF5,partly disordered,0.39405545239719136,0,0.6560256508789247,0.781035986570263,1.053815807437088,1.0490581268707666,0.46601941747572817,0.49411764705882355,0.7433630593153762,0.5377969246204851
SASDQF8,partly disordered,0.5755189978795465,1,0.6812417180168958,0.7779004698076938,0.7091290540952279,0.71089286739661,0.4702194357366771,0.4891304347826087,0.404675903352195,0.666966311577667
SASDQG6,partly disordered,0.5172152566773658,0,0.6776344972273983,0.8154639382500893,0.8700641556361081,1.0286658287647634,0.48286604361370716,0.4819277108433735,0.5305828574780735,0.45943471090391796
SASDQJ8,folded,0.19000761503850833,0,0.6812417180168958,0.5795962976751583,0.6151374158679364,0.7431949633200452,0.4702194357366771,0.4329896907216495,0.4070472048043522,0.44547178810000143
SASDQK7,disordered,0.049670016511476255,0,0.6560256508789247,1.046221393505259,1.0312567456804298,1.1466479940000072,0.46601941747572817,0.6285714285714286,0.7869281821527496,0.86539582705159
SASDQN5,partly disordered,2.459334943303207,1,0.6812417180168958,0.7779004698076938,0.712408106857169,0.967497116370311,0.4702194357366771,0.4891304347826087,0.47992938242219807,0.8310541360463646
SASDQN6,folded,1.0745814361427959,1,0.6812417180168958,0.5795962976751583,0.5302654717463737,0.5606275551795881,0.4702194357366771,0.4329896907216495,0.35375396561879713,0.3632825311215606
SASDQN8,disordered,1.3847055930727756,1,0.6812417180168958,1.0093206992757955,0.9617692835948103,0.8582248980676255,0.4702194357366771,0.6363636363636364,0.6808413465023033,0.8274927330032604
SASDQP4,folded,0.16002220871548023,0,0.6776344972273983,0.5690034372211482,0.606461894132498,0.3826051036150529,0.48286604361370716,0.46116504854368934,0.3880811885438646,0.5748462289402312
SASDQU5,folded,0.25844990785569166,0,0.6560256508789247,0.5275456004784724,0.5369020820934333,0.6141722622031193,0.46601941747572817,0.42328042328042326,0.40219486545171435,0.2128324431775167
SASDR22,partly disordered,1.0603215165774627,1,0.6560256508789247,0.781035986570263,0.7648939689543778,0.6305370386178621,0.46601941747572817,0.49411764705882355,0.5827555741932342,0.2284383433149642
SASDR25,partly disordered,0.07723174842060423,0,0.6812417180168958,0.7779004698076938,0.6687018229998212,0.9440712257391799,0.4702194357366771,0.4891304347826087,0.40381639295406047,0.4108547468831893
SASDR33,folded,0.006544378791654434,0,0.6776344972273983,0.5690034372211482,0.577594596864047,0.58099053307512,0.48286604361370716,0.46116504854368934,0.4100043032471441,0.2713482380727456
SASDR36,folded,0.19414144379220058,0,0.665881362271338,0.5854979769293724,0.6230419049353559,0.5211279409303563,0.475,0.4371859296482412,0.5390905353949614,0.45456921027620056
SASDRA6,disordered,1.12910290363431,1,0.6812417180168958,1.0093206992757955,0.9470710791981556,1.0433912122348519,0.4702194357366771,0.6363636363636364,0.6383382354960653,0.8480418090169428
SASDRD9,folded,0.07105564983858743,0,0.6560256508789247,0.5275456004784724,0.5455835683281218,0.2750257840383977,0.46601941747572817,0.42328042328042326,0.36369562005294137,0.24123930326615384
SASDRF8,disordered,1.4635681530298348,1,0.6776344972273983,1.0194518333650286,0.8373867311841957,0.6869671871516049,0.48286604361370716,0.625,0.632959478606901,0.4150877186567424
SASDRG9,folded,0.06743170181337055,0,0.6560256508789247,0.5275456004784724,0.4193790756413456,0.46593747659676465,0.46601941747572817,0.42328042328042326,0.2594238883223332,0.794946555827578
SASDRH2,folded,0.019904887062679403,0,0.6776344972273983,0.5690034372211482,0.5950593243844794,0.2423559563588443,0.48286604361370716,0.46116504854368934,0.4605292521480969,0.1694956902317477
SASDRH9,partly disordered,1.5931865461135524,1,0.6560256508789247,0.781035986570263,0.7469284470450088,0.8005986579441837,0.46601941747572817,0.49411764705882355,0.5125681187299636,0.6733780894970477
SASDRJ6,folded,0.11969901848102812,0,0.6812417180168958,0.5795962976751583,0.5697534668695572,0.2985917580424203,0.4702194357366771,0.4329896907216495,0.43811635550460604,0.2272140070390172
SASDRK5,folded,1.1906547245023706,1,0.6560256508789247,0.5275456004784724,0.49765131233876925,0.5074055942423968,0.46601941747572817,0.42328042328042326,0.4022618566342449,0.5952163430058862
SASDRK7,folded,0.17444755664695447,0,0.6812417180168958,0.5795962976751583,0.7312700361815355,0.7716389259128164,0.4702194357366771,0.4329896907216495,0.5974190791707241,0.5547678551025959
SASDRN5,partly disordered,1.5570784702139562,1,0.665881362271338,0.7605729408702019,0.6721673294067285,0.7305128498871276,0.475,0.5053763440860215,0.5412580201458019,0.6651091202223337
SASDRQ5,folded,0.9842109093158856,1,0.665881362271338,0.5854979769293724,0.5720147588306359,1.1388052898612337,0.475,0.4371859296482412,0.37317460251105206,0.8169274583601119
SASDRQ7,folded,0.030740854169320094,0,0.6812417180168958,0.5795962976751583,0.8556559525541396,0.6759231062052838,0.4702194357366771,0.4329896907216495,0.6329792681561898,0.46190840010396217
SASDRW6,partly disordered,0.9290803438950872,0,0.680018163174674,0.7724918161472266,0.7315963374435647,0.7200690922090093,0.4617737003058104,0.4842105263157895,0.38517673819481946,0.3933094672148551
SASDRW9,partly disordered,0.11085280934676608,0,0.6776344972273983,0.8154639382500893,0.7938109125585556,0.9251941618362383,0.48286604361370716,0.4819277108433735,0.45234960728609336,0.477895698647011
SASDRX9,partly disordered,1.491097040846977,1,0.6776344972273983,0.8154639382500893,0.9364699791485807,0.9085443746678378,0.48286604361370716,0.4819277108433735,0.7166943163621291,0.29196379326539396
SASDRZ9,folded,-0.009631775502355307,0,0.6776344972273983,0.5690034372211482,0.5247779111593778,0.3453313743671143,0.48286604361370716,0.46116504854368934,0.4088165995864354,0.42552102551157966
SASDS37,partly disordered,1.1370678144521116,1,0.6560256508789247,0.781035986570263,1.0826914049156693,1.061761244045099,0.46601941747572817,0.49411764705882355,0.7246909160821696,0.7646948410348983
SASDS75,folded,1.199467061719215,1,0.6560256508789247,0.5275456004784724,0.6371819864421966,0.719147685758922,0.46601941747572817,0.42328042328042326,0.323177417345215,0.37709854865550585
SASDSB9,folded,1.4767913040766165,1,0.6812417180168958,0.5795962976751583,0.6016076021870838,0.21074896924746017,0.4702194357366771,0.4329896907216495,0.5068952443336567,0.20549356369615276
SASDSG5,partly disordered,1.6499469236747075,1,0.6812417180168958,0.7779004698076938,0.8435812206556614,0.9436667789119954,0.4702194357366771,0.4891304347826087,0.7111789883870347,0.9138584677331452
SASDSJ9,folded,0.03537854448823943,0,0.680018163174674,0.565770389627346,0.6063106388904325,0.47222642779010177,0.4617737003058104,0.41836734693877553,0.46536161097477796,0.3687198484194308
SASDSL2,folded,0.05255126323915016,0,0.6560256508789247,0.5275456004784724,0.5580570640694734,0.7248845250418589,0.46601941747572817,0.42328042328042326,0.4040009485255496,0.4630800532338107
SASDSN2,partly disordered,0.5026560327553091,0,0.6812417180168958,0.7779004698076938,0.8018888528469579,0.8033401812485619,0.4702194357366771,0.4891304347826087,0.4481662316315643,0.22002979764486097
SASDSP6,partly disordered,0.44277028512451466,0,0.6776344972273983,0.8154639382500893,0.908553442121462,0.9641130726047054,0.48286604361370716,0.4819277108433735,0.7135404172885392,0.5318256570088293
SASDSQ7,partly disordered,0.27321079527617403,0,0.6560256508789247,0.781035986570263,0.7484513781026689,1.0304505044769758,0.46601941747572817,0.49411764705882355,0.4348975206162299,0.4723396844414971
SASDSQ9,folded,0.23627603874311343,0,0.6776344972273983,0.5690034372211482,0.5833877981363054,0.4744901900225955,0.48286604361370716,0.46116504854368934,0.5111476080745803,0.6925529435974606
SASDSS6,partly disordered,0.8237471686182486,1,0.6776344972273983,0.8154639382500893,0.8816515922386811,1.2732315966429282,0.48286604361370716,0.4819277108433735,0.6575633735064011,0.48924683293593124
SASDSV2,partly disordered,1.6481941191424643,1,0.6812417180168958,0.7779004698076938,0.5796551674429865,0.3349052178796086,0.4702194357366771,0.4891304347826087,0.19768119551196447,0.08836927162674411
SASDSV6,partly disordered,0.008869792688787103,0,0.6560256508789247,0.781035986570263,0.6404389526653165,0.69051808094802,0.46601941747572817,0.49411764705882355,0.38309366608935197,0.37728774883409216
SASDSV9,partly disordered,0.7160322640535375,1,0.6776344972273983,0.8154639382500893,0.8511808771515288,1.1348556201545477,0.48286604361370716,0.4819277108433735,0.5317630751732301,0.40821954164234653
SASDSX6,folded,0.22639854014733954,0,0.680018163174674,0.565770389627346,0.5651317686933952,0.5544847176553591,0.4617737003058104,0.41836734693877553,0.4099188530090377,0.6701481250196486
SASDSZ8,partly disordered,0.9779593233134347,1,0.680018163174674,0.7724918161472266,0.6363231881045143,1.0219296084820368,0.4617737003058104,0.4842105263157895,0.36645080962921867,0.5674995440553567
SASDSZ9,disordered,0.7205184277914244,0,0.6776344972273983,1.0194518333650286,0.8720983347847691,0.4654527100979907,0.48286604361370716,0.625,0.6217372784001802,0.5191012693764181
SASDT25,folded,0.09123171390287688,0,0.6776344972273983,0.5690034372211482,0.6141682774283077,0.6331701100709989,0.48286604361370716,0.46116504854368934,0.47950794277646214,0.6458238237476218
SASDT45,partly disordered,1.6163202728575994,1,0.680018163174674,0.7724918161472266,0.7092124346327381,0.5433254148578438,0.4617737003058104,0.4842105263157895,0.5854529455284873,0.6145408002870889
SASDT75,partly disordered,0.22734543455287393,0,0.665881362271338,0.7605729408702019,0.7789502375984745,0.8905233413637742,0.475,0.5053763440860215,0.576942861986414,0.6152984457941798
SASDT85,partly disordered,0.41313620551560754,0,0.6560256508789247,0.781035986570263,0.7663386903347593,0.8009698230280853,0.46601941747572817,0.49411764705882355,0.5416492567409389,0.5024282362067096
SASDTA2,disordered,1.1269999759369076,0,0.6776344972273983,1.0194518333650286,0.9303789184931495,0.5759015799733395,0.48286604361370716,0.625,0.7076251930332172,0.386157607586086
SASDTE2,partly disordered,1.146123995268613,1,0.665881362271338,0.7605729408702019,0.8920228122716213,0.641923640987646,0.475,0.5053763440860215,0.8440604824300766,0.8394663343817976
SASDTH2,partly disordered,0.5525890316742559,0,0.665881362271338,0.7605729408702019,0.6761279326219194,0.6629905949860982,0.475,0.5053763440860215,0.5266060132690167,0.33767008097625667
SASDTP5,partly disordered,2.631236780186685,1,0.665881362271338,0.7605729408702019,0.8021422964769627,0.7568032440632474,0.475,0.5053763440860215,0.7350223219365204,0.877067087479349
SASDTQ2,folded,0.570195573243335,0,0.665881362271338,0.5854979769293724,0.5725572013671851,0.3642236676438419,0.475,0.4371859296482412,0.4319416709854484,0.3278844529365298
SASDTQ5,partly disordered,0.036284780984897666,0,0.680018163174674,0.7724918161472266,0.7305144530995192,0.8897393317909948,0.4617737003058104,0.4842105263157895,0.40003499740655124,0.382658693676006
SASDTR5,partly disordered,0.0791742828565206,0,0.6560256508789247,0.781035986570263,0.8754757518897189,0.9407355067826048,0.46601941747572817,0.49411764705882355,0.6356238780944468,0.5998037830399929
SASDTS5,partly disordered,1.199955085829931,1,0.6812417180168958,0.7779004698076938,0.7900273517292131,0.5742595624821811,0.4702194357366771,0.4891304347826087,0.500588015836646,0.44357940050670797
SASDTU2,partly disordered,0.38553926188288573,1,0.6776344972273983,0.8154639382500893,0.7324656327519455,0.7693064417500979,0.48286604361370716,0.4819277108433735,0.41172431046821883,0.3812873876969238
SASDTU7,partly disordered,0.36305625484946025,0,0.665881362271338,0.7605729408702019,0.8154999053107018,0.7919375297231367,0.475,0.5053763440860215,0.37374440049646007,0.6652501773772279
SASDTX8,folded,0.0021846704392728127,0,0.6560256508789247,0.5275456004784724,0.5152689175387318,0.4001493077892914,0.46601941747572817,0.42328042328042326,0.48252243393699884,0.3564726661545963
SASDTY8,folded,0.010142859104987119,0,0.6776344972273983,0.5690034372211482,0.5746372129235089,0.36274576681496684,0.48286604361370716,0.46116504854368934,0.4467025882334562,0.12488478509900353
SASDU37,disordered,0.6176915975897792,0,0.6812417180168958,1.0093206992757955,0.9682258968412563,0.9366979824178043,0.4702194357366771,0.6363636363636364,0.8320217303778311,0.5702588475661569
SASDU63,partly disordered,0.24350582905359655,0,0.6812417180168958,0.7779004698076938,0.8123486608145394,1.0320078699774298,0.4702194357366771,0.4891304347826087,0.3399197223891006,0.806542174166538
SASDU78,folded,0.12543853689605627,0,0.665881362271338,0.5854979769293724,0.5870809174162047,0.7919811591244053,0.475,0.4371859296482412,0.36481276550965136,0.4618159831567154
SASDUA2,partly disordered,1.1012983127488516,1,0.680018163174674,0.7724918161472266,0.7264142919961004,0.6256201069716425,0.4617737003058104,0.4842105263157895,0.2927412591187336,0.25029791483286173
SASDUG3,partly disordered,1.2150376529141305,1,0.6776344972273983,0.8154639382500893,0.7631846402468322,0.8745338590180328,0.48286604361370716,0.4819277108433735,0.5068803303760471,0.5694118912923837
SASDUH4,partly disordered,0.24473335875304764,0,0.6776344972273983,0.8154639382500893,0.65516269845827,0.8542469902328625,0.48286604361370716,0.4819277108433735,0.3612641747817405,0.6323066312410863
SASDUK2,folded,0.924433769043872,1,0.665881362271338,0.5854979769293724,0.6041123176423546,0.3266322039334889,0.475,0.4371859296482412,0.38157574713064457,0.3244379159832565
SASDUL2,folded,0.6281811457586081,1,0.6812417180168958,0.5795962976751583,0.5044330429409838,0.3439092456404251,0.4702194357366771,0.4329896907216495,0.31711348179500676,0.27946040183204357
SASDUL9,disordered,0.9721578621660026,0,0.6560256508789247,1.046221393505259,0.8572461786341976,0.7339904102801403,0.46601941747572817,0.6285714285714286,0.4083118349586291,0.5137166043048016
SASDUR3,disordered,1.1723077521784717,0,0.665881362271338,0.9226662506055089,0.5998662815072461,0.43103311269572886,0.475,0.6428571428571429,0.21574346499602334,0.31655238090126686
SASDUV3,folded,0.058582647340405324,0,0.6812417180168958,0.5795962976751583,0.6914132313501219,0.8227662610509184,0.4702194357366771,0.4329896907216495,0.5073816093410832,0.2595564609261494
SASDUW6,folded,0.3548315712155945,0,0.680018163174674,0.565770389627346,0.6864995795362345,0.761621673048053,0.4617737003058104,0.41836734693877553,0.4218767896572848,0.3859362787415566
SASDV46,disordered,0.6751866320808647,0,0.665881362271338,0.9226662506055089,0.8873290482959626,0.9535404085386173,0.475,0.6428571428571429,0.608532776299603,0.7206371856400859
SASDV64,folded,0.2704922999401861,0,0.680018163174674,0.565770389627346,0.5772092958664966,0.3658201863251248,0.4617737003058104,0.41836734693877553,0.4700334762756634,0.3115926296325637
SASDV74,folded,0.39197533757683184,1,0.680018163174674,0.565770389627346,0.5974066810435278,0.24994564113107648,0.4617737003058104,0.41836734693877553,0.38899804412972394,0.17776474872775258
SASDVA8,partly disordered,0.3354498743770975,0,0.6776344972273983,0.8154639382500893,0.7385465517636353,1.2682176406064896,0.48286604361370716,0.4819277108433735,0.4686304034681052,0.6502842433202048
SASDVK2,folded,0.12524421450656037,0,0.6560256508789247,0.5275456004784724,0.48107728498597174,0.0913136279404485,0.46601941747572817,0.42328042328042326,0.29051848125101093,0.22890266240847512
SASDVL5,disordered,0.2588049944861329,0,0.6812417180168958,1.0093206992757955,0.8826063506854372,1.2962379757177085,0.4702194357366771,0.6363636363636364,0.4348336573643961,0.3938779610093669
SASDVL7,partly disordered,1.290601523968454,1,0.6560256508789247,0.781035986570263,0.6120224704214342,0.6758200295188205,0.46601941747572817,0.49411764705882355,0.36054163268294687,0.5287262848833284
SASDVN2,folded,-0.07522139589879756,0,0.665881362271338,0.5854979769293724,0.532995237334683,0.4409970094980687,0.475,0.4371859296482412,0.3207515673155481,0.2241408479633629
SASDVR6,folded,0.04348929332725127,0,0.6776344972273983,0.5690034372211482,0.6170596301654162,0.4738029468387374,0.48286604361370716,0.46116504854368934,0.5408103625262017,0.4187851092557526
SASDVT4,partly disordered,0.14659256954510144,0,0.6812417180168958,0.7779004698076938,0.7828912465547864,0.864763933464789,0.4702194357366771,0.4891304347826087,0.5341556821256545,0.49397549089549614
SASDVT5,partly disordered,0.36469080916465907,0,0.665881362271338,0.7605729408702019,0.7111843861576772,0.7319361565705913,0.475,0.5053763440860215,0.45406193607774537,0.5753525833961396
SASDVV6,partly disordered,0.4530832938423407,1,0.6776344972273983,0.8154639382500893,0.7706691031309999,0.5515250882994945,0.48286604361370716,0.4819277108433735,0.6426036490838881,0.856648242027689
SASDVX5,folded,0.1084164077591758,0,0.6560256508789247,0.5275456004784724,0.5929198618711748,0.7892086336824425,0.46601941747572817,0.42328042328042326,0.3889206976399202,0.7839195888555279
SASDVX6,partly disordered,0.4383556664308965,0,0.6776344972273983,0.8154639382500893,0.6953173341318474,0.8627397543873104,0.48286604361370716,0.4819277108433735,0.479618256087743,0.6410478052286137
SASDVZ8,partly disordered,0.5267914207095389,0,0.6812417180168958,0.7779004698076938,0.5293183948142081,0.3123119869716605,0.4702194357366771,0.4891304347826087,0.3485225696039061,0.3675770639303911
SASDWA3,folded,1.514905111551844,1,0.6812417180168958,0.5795962976751583,0.5597299840749704,0.34561373491469904,0.4702194357366771,0.4329896907216495,0.3684704111923944,0.13956304683224294
SASDWG9,folded,0.03934131433305397,0,0.6776344972273983,0.5690034372211482,0.5887257777145668,0.6716606340200884,0.48286604361370716,0.46116504854368934,0.4630562358088873,0.5429197402274439
SASDXK3,folded,1.1485928427779382,1,0.680018163174674,0.565770389627346,0.6191039987593602,0.44098537586202735,0.4617737003058104,0.41836734693877553,0.414740157842412,0.5399686116726855
